aircraft_id,time_id,number_days
XY-AAB,366,2.25
XY-AAB,367,1.9583333333333333
XY-AAB,368,1.2916666666666665
XY-AAB,369,2.0416666666666665
XY-AAB,370,1.75
XY-AAB,371,2.375
XY-AAB,372,2.0833333333333335
XY-AAB,373,2.4583333333333335
XY-AAB,374,2.125
XY-AAB,375,1.7916666666666667
XY-AAB,376,3.083333333333333
XY-AAB,377,2.2083333333333335
XY-ACY,366,2.6666666666666665
XY-ACY,367,2.0416666666666665
XY-ACY,368,1.75
XY-ACY,369,1.875
XY-ACY,370,1.5
XY-ACY,371,2.0416666666666665
XY-ACY,372,2.375
XY-ACY,373,2.5833333333333335
XY-ACY,374,2.125
XY-ACY,375,2.5
XY-ACY,376,2.25
XY-ACY,377,1.5833333333333333
XY-AFD,366,2.2083333333333335
XY-AFD,367,2.375
XY-AFD,368,2.583333333333333
XY-AFD,369,2.3333333333333335
XY-AFD,370,2.4166666666666665
XY-AFD,371,2.0416666666666665
XY-AFD,372,2.458333333333333
XY-AFD,373,2.1666666666666665
XY-AFD,374,2.333333333333333
XY-AFD,375,2.5416666666666665
XY-AFD,376,2.0833333333333335
XY-AFD,377,1.6666666666666667
XY-AGF,366,2.375
XY-AGF,367,2.625
XY-AGF,368,2.5833333333333335
XY-AGF,369,1.8333333333333333
XY-AGF,370,3.1666666666666665
XY-AGF,371,3.0416666666666665
XY-AGF,372,2.375
XY-AGF,373,2.4583333333333335
XY-AGF,374,2.2916666666666665
XY-AGF,375,1.8333333333333333
XY-AGF,376,1.125
XY-AGF,377,1.9583333333333333
XY-ALX,366,2.5833333333333335
XY-ALX,367,2.125
XY-ALX,368,1.625
XY-ALX,369,2.4166666666666665
XY-ALX,370,1.8333333333333333
XY-ALX,371,1.5833333333333333
XY-ALX,372,1.625
XY-ALX,373,2.2916666666666665
XY-ALX,374,1.5833333333333333
XY-ALX,375,2.375
XY-ALX,376,2.2916666666666665
XY-ALX,377,2.083333333333333
XY-ANK,366,1.5833333333333333
XY-ANK,367,2.375
XY-ANK,368,2.875
XY-ANK,369,1.2083333333333333
XY-ANK,370,1.875
XY-ANK,371,2.583333333333333
XY-ANK,372,2.5416666666666665
XY-ANK,373,1.75
XY-ANK,374,2.625
XY-ANK,375,2.7916666666666665
XY-ANK,376,1.5416666666666665
XY-ANK,377,2.5833333333333335
XY-APN,366,2.6666666666666665
XY-APN,367,2.0833333333333335
XY-APN,368,2.0416666666666665
XY-APN,369,2.125
XY-APN,370,2.4583333333333335
XY-APN,371,2.2083333333333335
XY-APN,372,3.2916666666666665
XY-APN,373,1.9166666666666665
XY-APN,374,1.125
XY-APN,375,2.125
XY-APN,376,2.5
XY-APN,377,2.25
XY-ARN,366,2.125
XY-ARN,367,2.0416666666666665
XY-ARN,368,2.1666666666666665
XY-ARN,369,1.4583333333333333
XY-ARN,370,2.833333333333333
XY-ARN,371,2.6666666666666665
XY-ARN,372,2.083333333333333
XY-ARN,373,2.6666666666666665
XY-ARN,374,3.0416666666666665
XY-ARN,375,2.8333333333333335
XY-ARN,376,3.9166666666666665
XY-ARN,377,1.9166666666666665
XY-AXP,366,2.5416666666666665
XY-AXP,367,1.625
XY-AXP,368,1.9583333333333333
XY-AXP,369,1.875
XY-AXP,370,2.1666666666666665
XY-AXP,371,2.4583333333333335
XY-AXP,372,1.4583333333333333
XY-AXP,373,1.7083333333333333
XY-AXP,374,2.2083333333333335
XY-AXP,375,2.0416666666666665
XY-AXP,376,2.0
XY-AXP,377,1.9166666666666665
XY-AZQ,366,2.3333333333333335
XY-AZQ,367,2.25
XY-AZQ,368,2.4166666666666665
XY-AZQ,369,2.125
XY-AZQ,370,1.4166666666666667
XY-AZQ,371,2.5
XY-AZQ,372,3.4166666666666665
XY-AZQ,373,1.125
XY-AZQ,374,2.208333333333333
XY-AZQ,375,2.8333333333333335
XY-AZQ,376,2.875
XY-AZQ,377,1.875
XY-BAR,366,2.4166666666666665
XY-BAR,367,2.125
XY-BAR,368,2.0416666666666665
XY-BAR,369,2.4166666666666665
XY-BAR,370,2.0
XY-BAR,371,2.9166666666666665
XY-BAR,372,2.3333333333333335
XY-BAR,373,2.0833333333333335
XY-BAR,374,2.0416666666666665
XY-BAR,375,3.25
XY-BAR,376,2.208333333333333
XY-BAR,377,2.583333333333333
XY-BCS,366,1.7916666666666667
XY-BCS,367,1.9166666666666665
XY-BCS,368,2.708333333333333
XY-BCS,369,2.7083333333333335
XY-BCS,370,2.5833333333333335
XY-BCS,371,2.333333333333333
XY-BCS,372,2.4583333333333335
XY-BCS,373,2.2916666666666665
XY-BCS,374,1.8333333333333333
XY-BCS,375,1.9583333333333333
XY-BCS,376,2.25
XY-BCS,377,2.25
XY-BDO,366,2.0416666666666665
XY-BDO,367,1.9583333333333333
XY-BDO,368,1.75
XY-BDO,369,2.0
XY-BDO,370,2.1666666666666665
XY-BDO,371,1.9583333333333333
XY-BDO,372,1.75
XY-BDO,373,1.9166666666666665
XY-BDO,374,2.7916666666666665
XY-BDO,375,3.2083333333333335
XY-BDO,376,1.875
XY-BDO,377,2.4166666666666665
XY-BLL,366,2.0
XY-BLL,367,1.75
XY-BLL,368,2.375
XY-BLL,369,2.0
XY-BLL,370,1.5
XY-BLL,371,1.6666666666666665
XY-BLL,372,2.5
XY-BLL,373,2.1666666666666665
XY-BLL,374,2.5
XY-BLL,375,2.0416666666666665
XY-BLL,376,2.3333333333333335
XY-BLL,377,1.9583333333333333
XY-BMX,366,1.2916666666666665
XY-BMX,367,2.2916666666666665
XY-BMX,368,1.5833333333333333
XY-BMX,369,2.8333333333333335
XY-BMX,370,2.4166666666666665
XY-BMX,371,1.8333333333333333
XY-BMX,372,1.9166666666666665
XY-BMX,373,2.125
XY-BMX,374,2.125
XY-BMX,375,2.7083333333333335
XY-BMX,376,2.25
XY-BMX,377,1.7083333333333333
XY-BQL,366,1.5
XY-BQL,367,1.875
XY-BQL,368,2.2916666666666665
XY-BQL,369,2.7083333333333335
XY-BQL,370,2.125
XY-BQL,371,2.208333333333333
XY-BQL,372,2.3333333333333335
XY-BQL,373,2.4166666666666665
XY-BQL,374,2.1666666666666665
XY-BQL,375,2.2916666666666665
XY-BQL,376,1.875
XY-BQL,377,1.5833333333333333
XY-BQU,366,2.25
XY-BQU,367,1.5833333333333333
XY-BQU,368,2.625
XY-BQU,369,2.8333333333333335
XY-BQU,370,2.7916666666666665
XY-BQU,371,2.125
XY-BQU,372,2.0
XY-BQU,373,1.9583333333333333
XY-BQU,374,2.4583333333333335
XY-BQU,375,2.75
XY-BQU,376,1.75
XY-BQU,377,2.1666666666666665
XY-BRE,366,2.5
XY-BRE,367,1.625
XY-BRE,368,1.8333333333333333
XY-BRE,369,1.25
XY-BRE,370,1.625
XY-BRE,371,1.5
XY-BRE,372,2.625
XY-BRE,373,1.9583333333333333
XY-BRE,374,2.2916666666666665
XY-BRE,375,2.5416666666666665
XY-BRE,376,2.0833333333333335
XY-BRE,377,1.875
XY-BVC,366,1.7916666666666667
XY-BVC,367,1.125
XY-BVC,368,2.0416666666666665
XY-BVC,369,2.583333333333333
XY-BVC,370,1.375
XY-BVC,371,2.1666666666666665
XY-BVC,372,2.375
XY-BVC,373,2.4166666666666665
XY-BVC,374,1.7083333333333333
XY-BVC,375,2.7916666666666665
XY-BVC,376,1.625
XY-BVC,377,2.083333333333333
XY-BWZ,366,2.375
XY-BWZ,367,2.5833333333333335
XY-BWZ,368,1.9166666666666665
XY-BWZ,369,2.6666666666666665
XY-BWZ,370,2.5
XY-BWZ,371,1.9166666666666667
XY-BWZ,372,2.8333333333333335
XY-BWZ,373,1.6666666666666665
XY-BWZ,374,2.1666666666666665
XY-BWZ,375,2.0416666666666665
XY-BWZ,376,2.9166666666666665
XY-BWZ,377,2.9166666666666665
XY-CAG,366,1.7083333333333333
XY-CAG,367,2.333333333333333
XY-CAG,368,2.0416666666666665
XY-CAG,369,1.9166666666666665
XY-CAG,370,2.458333333333333
XY-CAG,371,2.1666666666666665
XY-CAG,372,1.9583333333333333
XY-CAG,373,2.5
XY-CAG,374,2.25
XY-CAG,375,2.1666666666666665
XY-CAG,376,1.7083333333333333
XY-CAG,377,1.9166666666666665
XY-CBD,366,2.4166666666666665
XY-CBD,367,2.25
XY-CBD,368,1.9166666666666667
XY-CBD,369,1.8333333333333333
XY-CBD,370,1.8333333333333333
XY-CBD,371,2.2916666666666665
XY-CBD,372,1.9583333333333333
XY-CBD,373,2.875
XY-CBD,374,1.0
XY-CBD,375,1.2916666666666665
XY-CBD,376,1.7916666666666667
XY-CBD,377,1.5416666666666667
XY-CBG,366,1.625
XY-CBG,367,1.7916666666666665
XY-CBG,368,1.625
XY-CBG,369,3.0
XY-CBG,370,3.125
XY-CBG,371,1.75
XY-CBG,372,2.5416666666666665
XY-CBG,373,2.4166666666666665
XY-CBG,374,2.4583333333333335
XY-CBG,375,1.8333333333333333
XY-CBG,376,2.3333333333333335
XY-CBG,377,1.4166666666666667
XY-CDU,366,1.4583333333333333
XY-CDU,367,2.0
XY-CDU,368,0.9583333333333333
XY-CDU,369,1.8333333333333333
XY-CDU,370,1.3333333333333333
XY-CDU,371,2.25
XY-CDU,372,2.2916666666666665
XY-CDU,373,1.7916666666666667
XY-CDU,374,2.0833333333333335
XY-CDU,375,2.7083333333333335
XY-CDU,376,1.9583333333333333
XY-CDU,377,1.3333333333333333
XY-CIW,366,2.4583333333333335
XY-CIW,367,1.625
XY-CIW,368,2.25
XY-CIW,369,0.7916666666666666
XY-CIW,370,2.875
XY-CIW,371,1.7083333333333333
XY-CIW,372,2.4166666666666665
XY-CIW,373,2.3333333333333335
XY-CIW,374,2.0416666666666665
XY-CIW,375,2.0833333333333335
XY-CIW,376,3.083333333333333
XY-CIW,377,2.0833333333333335
XY-CJN,366,2.6666666666666665
XY-CJN,367,2.2083333333333335
XY-CJN,368,2.75
XY-CJN,369,1.5833333333333333
XY-CJN,370,3.0
XY-CJN,371,2.75
XY-CJN,372,0.7916666666666666
XY-CJN,373,2.4583333333333335
XY-CJN,374,2.1666666666666665
XY-CJN,375,2.375
XY-CJN,376,1.9583333333333333
XY-CJN,377,2.5416666666666665
XY-CKQ,366,2.125
XY-CKQ,367,2.4166666666666665
XY-CKQ,368,2.25
XY-CKQ,369,2.1666666666666665
XY-CKQ,370,2.9166666666666665
XY-CKQ,371,2.25
XY-CKQ,372,2.5
XY-CKQ,373,1.875
XY-CKQ,374,2.3333333333333335
XY-CKQ,375,2.833333333333333
XY-CKQ,376,1.75
XY-CKQ,377,1.9166666666666665
XY-CLK,366,2.1666666666666665
XY-CLK,367,1.5833333333333333
XY-CLK,368,1.7916666666666667
XY-CLK,369,3.5
XY-CLK,370,2.875
XY-CLK,371,2.0416666666666665
XY-CLK,372,1.5
XY-CLK,373,1.5833333333333333
XY-CLK,374,1.9583333333333333
XY-CLK,375,2.25
XY-CLK,376,1.4166666666666665
XY-CLK,377,2.6666666666666665
XY-CLZ,366,2.6666666666666665
XY-CLZ,367,2.375
XY-CLZ,368,2.5416666666666665
XY-CLZ,369,2.1666666666666665
XY-CLZ,370,1.5416666666666665
XY-CLZ,371,2.0
XY-CLZ,372,2.2916666666666665
XY-CLZ,373,2.1666666666666665
XY-CLZ,374,2.4166666666666665
XY-CLZ,375,1.4583333333333333
XY-CLZ,376,2.583333333333333
XY-CLZ,377,3.0416666666666665
XY-CMD,366,2.0416666666666665
XY-CMD,367,1.75
XY-CMD,368,2.0833333333333335
XY-CMD,369,2.1666666666666665
XY-CMD,370,2.5416666666666665
XY-CMD,371,1.25
XY-CMD,372,2.1666666666666665
XY-CMD,373,1.875
XY-CMD,374,2.583333333333333
XY-CMD,375,2.7916666666666665
XY-CMD,376,1.75
XY-CMD,377,2.4583333333333335
XY-CMS,366,2.75
XY-CMS,367,2.0833333333333335
XY-CMS,368,2.2916666666666665
XY-CMS,369,1.7916666666666665
XY-CMS,370,2.0416666666666665
XY-CMS,371,3.4166666666666665
XY-CMS,372,2.083333333333333
XY-CMS,373,1.9166666666666667
XY-CMS,374,2.4583333333333335
XY-CMS,375,2.25
XY-CMS,376,2.4583333333333335
XY-CMS,377,2.4583333333333335
XY-CQL,366,2.0416666666666665
XY-CQL,367,2.625
XY-CQL,368,2.5
XY-CQL,369,2.75
XY-CQL,370,3.0416666666666665
XY-CQL,371,1.7916666666666665
XY-CQL,372,1.5833333333333333
XY-CQL,373,2.0416666666666665
XY-CQL,374,1.8333333333333333
XY-CQL,375,2.75
XY-CQL,376,2.0416666666666665
XY-CQL,377,1.7916666666666665
XY-CRS,366,2.875
XY-CRS,367,1.8333333333333333
XY-CRS,368,2.0
XY-CRS,369,1.5416666666666665
XY-CRS,370,2.458333333333333
XY-CRS,371,1.9166666666666665
XY-CRS,372,2.5416666666666665
XY-CRS,373,1.75
XY-CRS,374,2.6666666666666665
XY-CRS,375,1.375
XY-CRS,376,2.3333333333333335
XY-CRS,377,2.5
XY-CSZ,366,2.4166666666666665
XY-CSZ,367,2.0416666666666665
XY-CSZ,368,1.625
XY-CSZ,369,1.9583333333333333
XY-CSZ,370,2.4583333333333335
XY-CSZ,371,2.2916666666666665
XY-CSZ,372,2.1666666666666665
XY-CSZ,373,2.375
XY-CSZ,374,2.125
XY-CSZ,375,2.5
XY-CSZ,376,2.375
XY-CSZ,377,2.25
XY-CUA,366,2.25
XY-CUA,367,1.5416666666666667
XY-CUA,368,3.0
XY-CUA,369,1.8333333333333333
XY-CUA,370,2.375
XY-CUA,371,2.208333333333333
XY-CUA,372,1.625
XY-CUA,373,2.375
XY-CUA,374,1.8333333333333333
XY-CUA,375,2.375
XY-CUA,376,1.625
XY-CUA,377,2.3333333333333335
XY-CVT,366,1.8333333333333333
XY-CVT,367,1.25
XY-CVT,368,1.6666666666666665
XY-CVT,369,2.4583333333333335
XY-CVT,370,2.3333333333333335
XY-CVT,371,2.5416666666666665
XY-CVT,372,2.333333333333333
XY-CVT,373,2.0416666666666665
XY-CVT,374,1.7916666666666667
XY-CVT,375,1.9166666666666665
XY-CVT,376,1.7916666666666665
XY-CVT,377,1.7916666666666665
XY-CYF,366,2.0833333333333335
XY-CYF,367,1.7083333333333333
XY-CYF,368,2.25
XY-CYF,369,1.7083333333333333
XY-CYF,370,1.9166666666666665
XY-CYF,371,1.75
XY-CYF,372,1.375
XY-CYF,373,1.1666666666666665
XY-CYF,374,1.75
XY-CYF,375,2.9166666666666665
XY-CYF,376,2.458333333333333
XY-CYF,377,3.2083333333333335
XY-CYL,366,1.6666666666666665
XY-CYL,367,1.875
XY-CYL,368,2.25
XY-CYL,369,2.1666666666666665
XY-CYL,370,2.375
XY-CYL,371,2.625
XY-CYL,372,2.2916666666666665
XY-CYL,373,1.9166666666666667
XY-CYL,374,1.7916666666666667
XY-CYL,375,1.7083333333333333
XY-CYL,376,2.2916666666666665
XY-CYL,377,2.375
XY-DFQ,366,2.6666666666666665
XY-DFQ,367,2.1666666666666665
XY-DFQ,368,2.2916666666666665
XY-DFQ,369,2.25
XY-DFQ,370,2.125
XY-DFQ,371,2.4583333333333335
XY-DFQ,372,1.875
XY-DFQ,373,2.0416666666666665
XY-DFQ,374,2.0833333333333335
XY-DFQ,375,2.4166666666666665
XY-DFQ,376,2.5833333333333335
XY-DFQ,377,1.9166666666666665
XY-DGU,366,2.625
XY-DGU,367,1.625
XY-DGU,368,2.4583333333333335
XY-DGU,369,2.5
XY-DGU,370,2.75
XY-DGU,371,1.9583333333333333
XY-DGU,372,2.125
XY-DGU,373,2.2916666666666665
XY-DGU,374,2.625
XY-DGU,375,2.4583333333333335
XY-DGU,376,1.4583333333333333
XY-DGU,377,2.2916666666666665
XY-DOB,366,1.4583333333333333
XY-DOB,367,2.5416666666666665
XY-DOB,368,2.4166666666666665
XY-DOB,369,2.625
XY-DOB,370,3.0
XY-DOB,371,2.25
XY-DOB,372,1.3333333333333333
XY-DOB,373,2.875
XY-DOB,374,1.9166666666666665
XY-DOB,375,2.2083333333333335
XY-DOB,376,3.25
XY-DOB,377,2.25
XY-DOU,366,2.2916666666666665
XY-DOU,367,1.9583333333333333
XY-DOU,368,2.833333333333333
XY-DOU,369,1.7916666666666665
XY-DOU,370,2.4583333333333335
XY-DOU,371,1.875
XY-DOU,372,2.208333333333333
XY-DOU,373,2.25
XY-DOU,374,2.75
XY-DOU,375,2.6666666666666665
XY-DOU,376,1.5833333333333333
XY-DOU,377,1.5
XY-DOZ,366,2.333333333333333
XY-DOZ,367,2.9583333333333335
XY-DOZ,368,2.9583333333333335
XY-DOZ,369,2.1666666666666665
XY-DOZ,370,1.9166666666666665
XY-DOZ,371,1.75
XY-DOZ,372,2.2083333333333335
XY-DOZ,373,2.5416666666666665
XY-DOZ,374,2.125
XY-DOZ,375,2.2083333333333335
XY-DOZ,376,1.5833333333333333
XY-DOZ,377,2.8333333333333335
XY-DTP,366,1.7916666666666665
XY-DTP,367,2.375
XY-DTP,368,1.8333333333333333
XY-DTP,369,2.4166666666666665
XY-DTP,370,1.875
XY-DTP,371,1.875
XY-DTP,372,1.625
XY-DTP,373,3.333333333333333
XY-DTP,374,1.4166666666666665
XY-DTP,375,2.0
XY-DTP,376,1.9583333333333333
XY-DTP,377,2.125
XY-DVG,366,1.875
XY-DVG,367,2.5
XY-DVG,368,3.25
XY-DVG,369,2.208333333333333
XY-DVG,370,1.9583333333333333
XY-DVG,371,2.7083333333333335
XY-DVG,372,2.2083333333333335
XY-DVG,373,2.2916666666666665
XY-DVG,374,1.4583333333333333
XY-DVG,375,2.5833333333333335
XY-DVG,376,1.5
XY-DVG,377,1.7083333333333333
XY-DWZ,366,1.875
XY-DWZ,367,3.0
XY-DWZ,368,2.2916666666666665
XY-DWZ,369,2.9166666666666665
XY-DWZ,370,1.9583333333333333
XY-DWZ,371,3.0416666666666665
XY-DWZ,372,2.333333333333333
XY-DWZ,373,2.6666666666666665
XY-DWZ,374,1.9583333333333333
XY-DWZ,375,1.7916666666666667
XY-DWZ,376,1.5
XY-DWZ,377,2.5
XY-DYA,366,2.75
XY-DYA,367,1.625
XY-DYA,368,3.0
XY-DYA,369,2.583333333333333
XY-DYA,370,1.875
XY-DYA,371,2.25
XY-DYA,372,2.5
XY-DYA,373,1.375
XY-DYA,374,2.458333333333333
XY-DYA,375,2.25
XY-DYA,376,1.0416666666666665
XY-DYA,377,2.7916666666666665
XY-EAL,366,2.4166666666666665
XY-EAL,367,1.5833333333333333
XY-EAL,368,1.375
XY-EAL,369,1.3333333333333333
XY-EAL,370,1.5833333333333333
XY-EAL,371,2.333333333333333
XY-EAL,372,3.0833333333333335
XY-EAL,373,1.7083333333333333
XY-EAL,374,1.7083333333333333
XY-EAL,375,2.333333333333333
XY-EAL,376,2.2083333333333335
XY-EAL,377,1.7916666666666665
XY-EAO,366,1.9166666666666665
XY-EAO,367,1.7916666666666665
XY-EAO,368,1.4583333333333333
XY-EAO,369,1.8333333333333333
XY-EAO,370,2.2916666666666665
XY-EAO,371,2.625
XY-EAO,372,2.5416666666666665
XY-EAO,373,1.7916666666666667
XY-EAO,374,1.8333333333333333
XY-EAO,375,2.5
XY-EAO,376,1.5
XY-EAO,377,1.2083333333333333
XY-ECN,366,2.4166666666666665
XY-ECN,367,2.0416666666666665
XY-ECN,368,2.2083333333333335
XY-ECN,369,2.4166666666666665
XY-ECN,370,2.7083333333333335
XY-ECN,371,0.9583333333333333
XY-ECN,372,3.0416666666666665
XY-ECN,373,2.2083333333333335
XY-ECN,374,3.25
XY-ECN,375,2.083333333333333
XY-ECN,376,2.625
XY-ECN,377,2.0416666666666665
XY-ECV,366,1.9166666666666665
XY-ECV,367,1.3333333333333333
XY-ECV,368,1.8333333333333333
XY-ECV,369,2.4166666666666665
XY-ECV,370,2.625
XY-ECV,371,2.5
XY-ECV,372,1.7916666666666667
XY-ECV,373,2.75
XY-ECV,374,1.875
XY-ECV,375,2.5416666666666665
XY-ECV,376,2.2083333333333335
XY-ECV,377,2.083333333333333
XY-EET,366,2.4166666666666665
XY-EET,367,1.375
XY-EET,368,2.4166666666666665
XY-EET,369,1.0416666666666667
XY-EET,370,1.9583333333333333
XY-EET,371,2.625
XY-EET,372,2.333333333333333
XY-EET,373,2.4583333333333335
XY-EET,374,1.7916666666666665
XY-EET,375,1.5416666666666665
XY-EET,376,2.125
XY-EET,377,2.375
XY-EHN,366,1.3333333333333333
XY-EHN,367,2.125
XY-EHN,368,2.375
XY-EHN,369,3.1666666666666665
XY-EHN,370,2.0833333333333335
XY-EHN,371,2.7083333333333335
XY-EHN,372,2.375
XY-EHN,373,1.8333333333333333
XY-EHN,374,1.9583333333333333
XY-EHN,375,2.3333333333333335
XY-EHN,376,2.3333333333333335
XY-EHN,377,2.8333333333333335
XY-EKM,366,1.6666666666666665
XY-EKM,367,1.9583333333333333
XY-EKM,368,2.6666666666666665
XY-EKM,369,2.75
XY-EKM,370,1.4166666666666665
XY-EKM,371,2.1666666666666665
XY-EKM,372,2.333333333333333
XY-EKM,373,2.2083333333333335
XY-EKM,374,2.4583333333333335
XY-EKM,375,2.25
XY-EKM,376,1.5833333333333333
XY-EKM,377,1.3333333333333333
XY-EKW,366,2.9166666666666665
XY-EKW,367,1.5833333333333333
XY-EKW,368,2.5416666666666665
XY-EKW,369,1.5
XY-EKW,370,1.875
XY-EKW,371,1.7083333333333333
XY-EKW,372,0.875
XY-EKW,373,2.0416666666666665
XY-EKW,374,2.0
XY-EKW,375,2.458333333333333
XY-EKW,376,2.2083333333333335
XY-EKW,377,2.3333333333333335
XY-ESR,366,2.5416666666666665
XY-ESR,367,2.0
XY-ESR,368,1.9166666666666667
XY-ESR,369,2.4166666666666665
XY-ESR,370,1.5
XY-ESR,371,2.2083333333333335
XY-ESR,372,2.0833333333333335
XY-ESR,373,2.0833333333333335
XY-ESR,374,1.5416666666666665
XY-ESR,375,1.9166666666666667
XY-ESR,376,1.75
XY-ESR,377,2.6666666666666665
XY-EWI,366,1.5
XY-EWI,367,2.1666666666666665
XY-EWI,368,2.625
XY-EWI,369,1.1666666666666665
XY-EWI,370,3.4166666666666665
XY-EWI,371,2.875
XY-EWI,372,2.5
XY-EWI,373,1.7083333333333333
XY-EWI,374,2.25
XY-EWI,375,2.083333333333333
XY-EWI,376,2.625
XY-EWI,377,3.75
XY-EXS,366,3.2916666666666665
XY-EXS,367,2.875
XY-EXS,368,2.5
XY-EXS,369,2.125
XY-EXS,370,2.7083333333333335
XY-EXS,371,2.583333333333333
XY-EXS,372,1.25
XY-EXS,373,1.9166666666666665
XY-EXS,374,2.9583333333333335
XY-EXS,375,1.6666666666666665
XY-EXS,376,1.7083333333333333
XY-EXS,377,1.8333333333333333
XY-EYC,366,2.5833333333333335
XY-EYC,367,2.8333333333333335
XY-EYC,368,2.25
XY-EYC,369,3.0416666666666665
XY-EYC,370,2.0
XY-EYC,371,1.1666666666666667
XY-EYC,372,2.5833333333333335
XY-EYC,373,1.7916666666666665
XY-EYC,374,1.875
XY-EYC,375,2.0833333333333335
XY-EYC,376,1.4166666666666665
XY-EYC,377,2.208333333333333
XY-FCP,366,2.4583333333333335
XY-FCP,367,2.5416666666666665
XY-FCP,368,2.0416666666666665
XY-FCP,369,2.0
XY-FCP,370,2.125
XY-FCP,371,2.75
XY-FCP,372,2.2916666666666665
XY-FCP,373,1.125
XY-FCP,374,1.5833333333333333
XY-FCP,375,1.7083333333333333
XY-FCP,376,2.0833333333333335
XY-FCP,377,2.9583333333333335
XY-FCU,366,3.3333333333333335
XY-FCU,367,1.7083333333333333
XY-FCU,368,2.5833333333333335
XY-FCU,369,1.25
XY-FCU,370,1.5833333333333333
XY-FCU,371,2.25
XY-FCU,372,1.5416666666666667
XY-FCU,373,3.0
XY-FCU,374,2.9166666666666665
XY-FCU,375,2.958333333333333
XY-FCU,376,1.9583333333333333
XY-FCU,377,1.75
XY-FIA,366,2.5833333333333335
XY-FIA,367,1.7916666666666667
XY-FIA,368,1.375
XY-FIA,369,2.2083333333333335
XY-FIA,370,1.2083333333333333
XY-FIA,371,2.5416666666666665
XY-FIA,372,2.5
XY-FIA,373,2.0
XY-FIA,374,1.6666666666666667
XY-FIA,375,1.875
XY-FIA,376,2.0
XY-FIA,377,2.625
XY-FJF,366,2.0416666666666665
XY-FJF,367,1.75
XY-FJF,368,2.25
XY-FJF,369,3.0416666666666665
XY-FJF,370,2.0
XY-FJF,371,2.25
XY-FJF,372,2.375
XY-FJF,373,1.5416666666666667
XY-FJF,374,2.0833333333333335
XY-FJF,375,1.8333333333333333
XY-FJF,376,2.125
XY-FJF,377,1.3333333333333333
XY-FMC,366,1.625
XY-FMC,367,2.5416666666666665
XY-FMC,368,1.5
XY-FMC,369,2.2916666666666665
XY-FMC,370,2.0
XY-FMC,371,2.833333333333333
XY-FMC,372,3.4166666666666665
XY-FMC,373,2.125
XY-FMC,374,1.375
XY-FMC,375,1.6666666666666665
XY-FMC,376,2.125
XY-FMC,377,2.458333333333333
XY-FOI,366,3.0833333333333335
XY-FOI,367,1.1666666666666667
XY-FOI,368,1.7916666666666665
XY-FOI,369,2.3333333333333335
XY-FOI,370,2.375
XY-FOI,371,2.2916666666666665
XY-FOI,372,2.25
XY-FOI,373,1.9583333333333333
XY-FOI,374,1.7916666666666667
XY-FOI,375,1.6666666666666665
XY-FOI,376,2.125
XY-FOI,377,1.2083333333333333
XY-FOL,366,2.125
XY-FOL,367,2.1666666666666665
XY-FOL,368,2.583333333333333
XY-FOL,369,2.6666666666666665
XY-FOL,370,1.875
XY-FOL,371,2.9583333333333335
XY-FOL,372,1.9166666666666665
XY-FOL,373,2.7083333333333335
XY-FOL,374,2.375
XY-FOL,375,1.8333333333333333
XY-FOL,376,2.5416666666666665
XY-FOL,377,2.0833333333333335
XY-FSS,366,2.5
XY-FSS,367,1.7083333333333333
XY-FSS,368,2.7083333333333335
XY-FSS,369,2.0416666666666665
XY-FSS,370,1.625
XY-FSS,371,2.375
XY-FSS,372,2.0833333333333335
XY-FSS,373,2.0416666666666665
XY-FSS,374,2.4166666666666665
XY-FSS,375,3.0
XY-FSS,376,3.375
XY-FSS,377,2.0416666666666665
XY-FSX,366,1.75
XY-FSX,367,2.2916666666666665
XY-FSX,368,2.2916666666666665
XY-FSX,369,2.5833333333333335
XY-FSX,370,2.4583333333333335
XY-FSX,371,2.0833333333333335
XY-FSX,372,2.7916666666666665
XY-FSX,373,2.4166666666666665
XY-FSX,374,2.125
XY-FSX,375,3.0416666666666665
XY-FSX,376,1.0
XY-FSX,377,2.0
XY-FSY,366,1.7916666666666667
XY-FSY,367,2.0
XY-FSY,368,2.2916666666666665
XY-FSY,369,2.4166666666666665
XY-FSY,370,2.9166666666666665
XY-FSY,371,1.25
XY-FSY,372,2.1666666666666665
XY-FSY,373,2.5416666666666665
XY-FSY,374,2.0833333333333335
XY-FSY,375,2.0
XY-FSY,376,2.625
XY-FSY,377,1.8333333333333333
XY-FTI,366,2.3333333333333335
XY-FTI,367,1.2083333333333333
XY-FTI,368,2.2916666666666665
XY-FTI,369,1.4166666666666667
XY-FTI,370,2.0833333333333335
XY-FTI,371,2.0833333333333335
XY-FTI,372,1.625
XY-FTI,373,1.9583333333333333
XY-FTI,374,2.1666666666666665
XY-FTI,375,2.7083333333333335
XY-FTI,376,2.375
XY-FTI,377,2.4166666666666665
XY-FTU,366,2.25
XY-FTU,367,2.0
XY-FTU,368,2.125
XY-FTU,369,2.4583333333333335
XY-FTU,370,3.1666666666666665
XY-FTU,371,1.625
XY-FTU,372,2.6666666666666665
XY-FTU,373,2.125
XY-FTU,374,2.625
XY-FTU,375,2.0416666666666665
XY-FTU,376,1.9583333333333333
XY-FTU,377,3.1666666666666665
XY-FXN,366,3.083333333333333
XY-FXN,367,2.0
XY-FXN,368,2.0
XY-FXN,369,2.0416666666666665
XY-FXN,370,2.5833333333333335
XY-FXN,371,1.7083333333333333
XY-FXN,372,2.2916666666666665
XY-FXN,373,2.208333333333333
XY-FXN,374,2.125
XY-FXN,375,2.7916666666666665
XY-FXN,376,2.0416666666666665
XY-FXN,377,1.25
XY-FYG,366,2.625
XY-FYG,367,2.4166666666666665
XY-FYG,368,2.2916666666666665
XY-FYG,369,1.5416666666666665
XY-FYG,370,2.2916666666666665
XY-FYG,371,2.0
XY-FYG,372,1.5416666666666665
XY-FYG,373,2.75
XY-FYG,374,3.0416666666666665
XY-FYG,375,2.4166666666666665
XY-FYG,376,2.25
XY-FYG,377,2.0
XY-FZB,366,2.3333333333333335
XY-FZB,367,1.5416666666666665
XY-FZB,368,2.4583333333333335
XY-FZB,369,2.5833333333333335
XY-FZB,370,2.0416666666666665
XY-FZB,371,2.0
XY-FZB,372,2.7916666666666665
XY-FZB,373,2.2916666666666665
XY-FZB,374,1.9166666666666667
XY-FZB,375,1.9166666666666667
XY-FZB,376,2.5416666666666665
XY-FZB,377,2.625
XY-FZF,366,1.9583333333333333
XY-FZF,367,2.208333333333333
XY-FZF,368,2.5833333333333335
XY-FZF,369,2.3333333333333335
XY-FZF,370,2.125
XY-FZF,371,1.75
XY-FZF,372,1.9166666666666665
XY-FZF,373,1.5416666666666665
XY-FZF,374,1.875
XY-FZF,375,1.75
XY-FZF,376,2.083333333333333
XY-FZF,377,2.4583333333333335
XY-FZQ,366,2.125
XY-FZQ,367,2.8333333333333335
XY-FZQ,368,2.4583333333333335
XY-FZQ,369,2.208333333333333
XY-FZQ,370,2.2916666666666665
XY-FZQ,371,1.2916666666666665
XY-FZQ,372,2.25
XY-FZQ,373,2.083333333333333
XY-FZQ,374,2.0416666666666665
XY-FZQ,375,2.6666666666666665
XY-FZQ,376,2.0
XY-FZQ,377,2.333333333333333
XY-FZS,366,1.625
XY-FZS,367,2.0416666666666665
XY-FZS,368,2.0416666666666665
XY-FZS,369,1.625
XY-FZS,370,1.8333333333333333
XY-FZS,371,1.8333333333333333
XY-FZS,372,2.1666666666666665
XY-FZS,373,2.583333333333333
XY-FZS,374,2.6666666666666665
XY-FZS,375,2.25
XY-FZS,376,2.5833333333333335
XY-FZS,377,1.875
XY-GJC,366,1.7916666666666665
XY-GJC,367,1.9583333333333333
XY-GJC,368,1.6666666666666665
XY-GJC,369,1.75
XY-GJC,370,1.8333333333333333
XY-GJC,371,1.5
XY-GJC,372,2.375
XY-GJC,373,3.0833333333333335
XY-GJC,374,3.125
XY-GJC,375,2.375
XY-GJC,376,2.3333333333333335
XY-GJC,377,2.0416666666666665
XY-GKC,366,3.2916666666666665
XY-GKC,367,2.625
XY-GKC,368,1.9583333333333333
XY-GKC,369,2.333333333333333
XY-GKC,370,1.9583333333333333
XY-GKC,371,2.2916666666666665
XY-GKC,372,2.125
XY-GKC,373,1.8333333333333333
XY-GKC,374,1.9166666666666665
XY-GKC,375,2.6666666666666665
XY-GKC,376,2.3333333333333335
XY-GKC,377,1.7916666666666665
XY-GKW,366,2.25
XY-GKW,367,1.9166666666666665
XY-GKW,368,2.7916666666666665
XY-GKW,369,2.333333333333333
XY-GKW,370,1.875
XY-GKW,371,2.4166666666666665
XY-GKW,372,2.4166666666666665
XY-GKW,373,2.25
XY-GKW,374,2.1666666666666665
XY-GKW,375,2.0833333333333335
XY-GKW,376,1.75
XY-GKW,377,1.5833333333333333
XY-GQB,366,2.708333333333333
XY-GQB,367,2.458333333333333
XY-GQB,368,1.6666666666666665
XY-GQB,369,2.7916666666666665
XY-GQB,370,3.0
XY-GQB,371,2.0
XY-GQB,372,2.9583333333333335
XY-GQB,373,3.0833333333333335
XY-GQB,374,2.875
XY-GQB,375,2.0
XY-GQB,376,2.4166666666666665
XY-GQB,377,2.625
XY-HGR,366,2.8333333333333335
XY-HGR,367,1.4166666666666665
XY-HGR,368,2.375
XY-HGR,369,2.2083333333333335
XY-HGR,370,2.6666666666666665
XY-HGR,371,2.5416666666666665
XY-HGR,372,2.125
XY-HGR,373,1.5416666666666667
XY-HGR,374,2.2916666666666665
XY-HGR,375,3.75
XY-HGR,376,1.9166666666666665
XY-HGR,377,3.0833333333333335
XY-HJG,366,1.875
XY-HJG,367,3.0416666666666665
XY-HJG,368,2.0833333333333335
XY-HJG,369,1.75
XY-HJG,370,2.8333333333333335
XY-HJG,371,2.333333333333333
XY-HJG,372,1.5416666666666665
XY-HJG,373,2.9583333333333335
XY-HJG,374,2.0833333333333335
XY-HJG,375,2.625
XY-HJG,376,1.5416666666666665
XY-HJG,377,1.875
XY-HMT,366,2.833333333333333
XY-HMT,367,1.7083333333333333
XY-HMT,368,1.4583333333333333
XY-HMT,369,2.125
XY-HMT,370,2.125
XY-HMT,371,2.708333333333333
XY-HMT,372,1.8333333333333333
XY-HMT,373,1.2916666666666665
XY-HMT,374,2.75
XY-HMT,375,1.625
XY-HMT,376,1.8333333333333333
XY-HMT,377,1.9166666666666665
XY-HPH,366,2.4583333333333335
XY-HPH,367,2.2916666666666665
XY-HPH,368,2.4166666666666665
XY-HPH,369,2.1666666666666665
XY-HPH,370,1.75
XY-HPH,371,2.375
XY-HPH,372,2.4166666666666665
XY-HPH,373,1.9583333333333333
XY-HPH,374,2.125
XY-HPH,375,1.375
XY-HPH,376,2.0
XY-HPH,377,1.7916666666666665
XY-HRD,366,1.9583333333333333
XY-HRD,367,2.208333333333333
XY-HRD,368,2.5
XY-HRD,369,2.5416666666666665
XY-HRD,370,1.875
XY-HRD,371,2.2083333333333335
XY-HRD,372,2.25
XY-HRD,373,2.3333333333333335
XY-HRD,374,2.625
XY-HRD,375,2.0833333333333335
XY-HRD,376,1.9583333333333333
XY-HRD,377,1.75
XY-HVF,366,2.9166666666666665
XY-HVF,367,1.5416666666666665
XY-HVF,368,2.375
XY-HVF,369,1.7916666666666665
XY-HVF,370,2.7083333333333335
XY-HVF,371,3.0833333333333335
XY-HVF,372,2.75
XY-HVF,373,2.3333333333333335
XY-HVF,374,2.5416666666666665
XY-HVF,375,2.458333333333333
XY-HVF,376,2.4166666666666665
XY-HVF,377,2.5
XY-HWJ,366,2.3333333333333335
XY-HWJ,367,2.25
XY-HWJ,368,2.2083333333333335
XY-HWJ,369,2.1666666666666665
XY-HWJ,370,2.625
XY-HWJ,371,2.9583333333333335
XY-HWJ,372,1.9583333333333333
XY-HWJ,373,1.7916666666666667
XY-HWJ,374,1.9583333333333333
XY-HWJ,375,2.125
XY-HWJ,376,2.0416666666666665
XY-HWJ,377,1.5416666666666665
XY-HWS,366,3.25
XY-HWS,367,1.7916666666666665
XY-HWS,368,2.4166666666666665
XY-HWS,369,1.6666666666666667
XY-HWS,370,2.5
XY-HWS,371,1.9166666666666665
XY-HWS,372,1.875
XY-HWS,373,2.0833333333333335
XY-HWS,374,2.5416666666666665
XY-HWS,375,2.2916666666666665
XY-HWS,376,3.5
XY-HWS,377,2.2916666666666665
XY-HYA,366,3.0833333333333335
XY-HYA,367,1.9166666666666667
XY-HYA,368,2.75
XY-HYA,369,2.9583333333333335
XY-HYA,370,3.0
XY-HYA,371,2.208333333333333
XY-HYA,372,2.0416666666666665
XY-HYA,373,1.6666666666666667
XY-HYA,374,1.9166666666666665
XY-HYA,375,2.4166666666666665
XY-HYA,376,1.5833333333333333
XY-HYA,377,2.25
XY-HZC,366,1.7916666666666665
XY-HZC,367,1.3333333333333333
XY-HZC,368,2.2916666666666665
XY-HZC,369,1.8333333333333333
XY-HZC,370,3.0
XY-HZC,371,2.2916666666666665
XY-HZC,372,1.7083333333333333
XY-HZC,373,2.2916666666666665
XY-HZC,374,1.7083333333333333
XY-HZC,375,1.4583333333333333
XY-HZC,376,3.25
XY-HZC,377,1.4583333333333333
XY-ICG,366,2.3333333333333335
XY-ICG,367,3.2083333333333335
XY-ICG,368,2.2916666666666665
XY-ICG,369,1.75
XY-ICG,370,2.3333333333333335
XY-ICG,371,1.4583333333333333
XY-ICG,372,2.25
XY-ICG,373,1.5833333333333333
XY-ICG,374,2.0833333333333335
XY-ICG,375,1.6666666666666665
XY-ICG,376,2.5833333333333335
XY-ICG,377,3.5416666666666665
XY-IDI,366,3.4166666666666665
XY-IDI,367,1.7083333333333333
XY-IDI,368,1.7083333333333333
XY-IDI,369,3.1666666666666665
XY-IDI,370,1.625
XY-IDI,371,2.7916666666666665
XY-IDI,372,1.4166666666666667
XY-IDI,373,2.4166666666666665
XY-IDI,374,1.375
XY-IDI,375,2.333333333333333
XY-IDI,376,1.625
XY-IDI,377,1.75
XY-IFF,366,1.7916666666666665
XY-IFF,367,2.9583333333333335
XY-IFF,368,2.4583333333333335
XY-IFF,369,1.8333333333333333
XY-IFF,370,2.0
XY-IFF,371,3.4166666666666665
XY-IFF,372,2.0416666666666665
XY-IFF,373,1.9583333333333333
XY-IFF,374,2.9583333333333335
XY-IFF,375,2.5833333333333335
XY-IFF,376,2.25
XY-IFF,377,1.375
XY-IFU,366,1.4583333333333333
XY-IFU,367,1.6666666666666665
XY-IFU,368,2.0416666666666665
XY-IFU,369,2.25
XY-IFU,370,1.8333333333333333
XY-IFU,371,2.125
XY-IFU,372,1.0
XY-IFU,373,1.8333333333333333
XY-IFU,374,2.333333333333333
XY-IFU,375,2.25
XY-IFU,376,2.0416666666666665
XY-IFU,377,1.5416666666666665
XY-IHT,366,2.8333333333333335
XY-IHT,367,2.2916666666666665
XY-IHT,368,1.9583333333333333
XY-IHT,369,2.0
XY-IHT,370,1.8333333333333333
XY-IHT,371,2.1666666666666665
XY-IHT,372,2.708333333333333
XY-IHT,373,1.8333333333333333
XY-IHT,374,1.9583333333333333
XY-IHT,375,2.25
XY-IHT,376,2.9166666666666665
XY-IHT,377,2.5416666666666665
XY-IMM,366,1.7916666666666665
XY-IMM,367,2.25
XY-IMM,368,2.958333333333333
XY-IMM,369,2.0416666666666665
XY-IMM,370,1.8333333333333333
XY-IMM,371,1.875
XY-IMM,372,1.4583333333333333
XY-IMM,373,2.4583333333333335
XY-IMM,374,2.6666666666666665
XY-IMM,375,2.2083333333333335
XY-IMM,376,1.75
XY-IMM,377,2.2083333333333335
XY-IOH,366,2.5833333333333335
XY-IOH,367,3.0416666666666665
XY-IOH,368,1.9166666666666667
XY-IOH,369,2.375
XY-IOH,370,1.5416666666666665
XY-IOH,371,2.0416666666666665
XY-IOH,372,2.5
XY-IOH,373,1.7916666666666665
XY-IOH,374,2.1666666666666665
XY-IOH,375,3.5833333333333335
XY-IOH,376,2.2083333333333335
XY-IOH,377,2.5833333333333335
XY-IPZ,366,1.875
XY-IPZ,367,2.708333333333333
XY-IPZ,368,1.9166666666666665
XY-IPZ,369,2.4583333333333335
XY-IPZ,370,2.333333333333333
XY-IPZ,371,2.4166666666666665
XY-IPZ,372,1.4583333333333333
XY-IPZ,373,1.7083333333333333
XY-IPZ,374,2.9583333333333335
XY-IPZ,375,1.7916666666666665
XY-IPZ,376,2.625
XY-IPZ,377,1.6666666666666665
XY-IQD,366,2.5833333333333335
XY-IQD,367,3.0
XY-IQD,368,2.0833333333333335
XY-IQD,369,2.6666666666666665
XY-IQD,370,2.8333333333333335
XY-IQD,371,1.2916666666666667
XY-IQD,372,2.75
XY-IQD,373,2.9583333333333335
XY-IQD,374,2.75
XY-IQD,375,2.5833333333333335
XY-IQD,376,2.2916666666666665
XY-IQD,377,2.5833333333333335
XY-IRS,366,2.1666666666666665
XY-IRS,367,2.375
XY-IRS,368,2.1666666666666665
XY-IRS,369,2.375
XY-IRS,370,2.75
XY-IRS,371,2.7083333333333335
XY-IRS,372,3.2916666666666665
XY-IRS,373,1.5
XY-IRS,374,2.3333333333333335
XY-IRS,375,3.5833333333333335
XY-IRS,376,2.625
XY-IRS,377,2.125
XY-IVJ,366,2.8333333333333335
XY-IVJ,367,2.3333333333333335
XY-IVJ,368,2.9166666666666665
XY-IVJ,369,2.375
XY-IVJ,370,2.5416666666666665
XY-IVJ,371,2.25
XY-IVJ,372,2.125
XY-IVJ,373,3.4583333333333335
XY-IVJ,374,1.875
XY-IVJ,375,1.875
XY-IVJ,376,2.625
XY-IVJ,377,1.7916666666666665
XY-JBY,366,2.0416666666666665
XY-JBY,367,1.7916666666666667
XY-JBY,368,2.5833333333333335
XY-JBY,369,2.2916666666666665
XY-JBY,370,2.083333333333333
XY-JBY,371,2.5
XY-JBY,372,3.375
XY-JBY,373,1.375
XY-JBY,374,2.083333333333333
XY-JBY,375,2.458333333333333
XY-JBY,376,1.0833333333333333
XY-JBY,377,2.625
XY-JFC,366,3.1666666666666665
XY-JFC,367,2.5416666666666665
XY-JFC,368,2.4166666666666665
XY-JFC,369,2.25
XY-JFC,370,2.083333333333333
XY-JFC,371,1.7083333333333333
XY-JFC,372,1.5416666666666667
XY-JFC,373,2.1666666666666665
XY-JFC,374,2.625
XY-JFC,375,2.6666666666666665
XY-JFC,376,3.0833333333333335
XY-JFC,377,2.375
XY-JFI,366,1.3333333333333333
XY-JFI,367,1.8333333333333333
XY-JFI,368,2.375
XY-JFI,369,2.0
XY-JFI,370,1.8333333333333333
XY-JFI,371,3.0833333333333335
XY-JFI,372,1.9583333333333333
XY-JFI,373,2.0
XY-JFI,374,1.4583333333333333
XY-JFI,375,1.5416666666666665
XY-JFI,376,1.8333333333333333
XY-JFI,377,2.2083333333333335
XY-JGF,366,1.7916666666666665
XY-JGF,367,2.8333333333333335
XY-JGF,368,2.083333333333333
XY-JGF,369,2.208333333333333
XY-JGF,370,2.25
XY-JGF,371,1.875
XY-JGF,372,2.7083333333333335
XY-JGF,373,2.6666666666666665
XY-JGF,374,2.875
XY-JGF,375,3.125
XY-JGF,376,2.0416666666666665
XY-JGF,377,2.0416666666666665
XY-JGM,366,2.5833333333333335
XY-JGM,367,1.625
XY-JGM,368,2.9166666666666665
XY-JGM,369,1.3333333333333333
XY-JGM,370,2.8333333333333335
XY-JGM,371,2.5
XY-JGM,372,2.7083333333333335
XY-JGM,373,1.5416666666666665
XY-JGM,374,2.1666666666666665
XY-JGM,375,3.0
XY-JGM,376,2.0
XY-JGM,377,3.5416666666666665
XY-JKZ,366,1.5833333333333333
XY-JKZ,367,1.5416666666666665
XY-JKZ,368,2.0416666666666665
XY-JKZ,369,2.5833333333333335
XY-JKZ,370,1.25
XY-JKZ,371,1.7916666666666667
XY-JKZ,372,2.2916666666666665
XY-JKZ,373,2.7916666666666665
XY-JKZ,374,1.5
XY-JKZ,375,1.5416666666666665
XY-JKZ,376,2.2916666666666665
XY-JKZ,377,2.1666666666666665
XY-JMS,366,2.625
XY-JMS,367,3.125
XY-JMS,368,3.25
XY-JMS,369,1.7916666666666665
XY-JMS,370,2.125
XY-JMS,371,2.0
XY-JMS,372,2.6666666666666665
XY-JMS,373,2.625
XY-JMS,374,1.25
XY-JMS,375,3.9166666666666665
XY-JMS,376,1.5416666666666665
XY-JMS,377,1.625
XY-JOG,366,2.1666666666666665
XY-JOG,367,1.5
XY-JOG,368,2.625
XY-JOG,369,2.7083333333333335
XY-JOG,370,3.0833333333333335
XY-JOG,371,1.8333333333333333
XY-JOG,372,2.5833333333333335
XY-JOG,373,2.7916666666666665
XY-JOG,374,3.4583333333333335
XY-JOG,375,3.125
XY-JOG,376,2.0416666666666665
XY-JOG,377,2.1666666666666665
XY-JOQ,366,1.5833333333333333
XY-JOQ,367,2.375
XY-JOQ,368,2.7083333333333335
XY-JOQ,369,2.1666666666666665
XY-JOQ,370,1.875
XY-JOQ,371,3.0
XY-JOQ,372,2.125
XY-JOQ,373,2.7916666666666665
XY-JOQ,374,2.625
XY-JOQ,375,2.5833333333333335
XY-JOQ,376,2.2916666666666665
XY-JOQ,377,1.375
XY-JTE,366,3.0416666666666665
XY-JTE,367,2.8333333333333335
XY-JTE,368,1.5416666666666667
XY-JTE,369,1.7083333333333333
XY-JTE,370,1.6666666666666665
XY-JTE,371,1.875
XY-JTE,372,2.0
XY-JTE,373,2.083333333333333
XY-JTE,374,1.2916666666666667
XY-JTE,375,1.2083333333333333
XY-JTE,376,1.6666666666666665
XY-JTE,377,2.875
XY-JWD,366,1.375
XY-JWD,367,1.6666666666666667
XY-JWD,368,2.0833333333333335
XY-JWD,369,2.6666666666666665
XY-JWD,370,2.75
XY-JWD,371,1.8333333333333333
XY-JWD,372,1.7916666666666665
XY-JWD,373,3.0
XY-JWD,374,2.0833333333333335
XY-JWD,375,2.25
XY-JWD,376,2.5833333333333335
XY-JWD,377,2.375
XY-JYM,366,1.5833333333333333
XY-JYM,367,1.25
XY-JYM,368,1.6666666666666665
XY-JYM,369,2.0416666666666665
XY-JYM,370,2.0833333333333335
XY-JYM,371,1.75
XY-JYM,372,1.7083333333333333
XY-JYM,373,2.4583333333333335
XY-JYM,374,1.8333333333333333
XY-JYM,375,1.5833333333333333
XY-JYM,376,1.6666666666666667
XY-JYM,377,1.7916666666666665
XY-KBB,366,1.75
XY-KBB,367,2.8333333333333335
XY-KBB,368,2.208333333333333
XY-KBB,369,1.5416666666666665
XY-KBB,370,2.25
XY-KBB,371,2.5833333333333335
XY-KBB,372,2.0
XY-KBB,373,2.458333333333333
XY-KBB,374,2.0
XY-KBB,375,2.2916666666666665
XY-KBB,376,2.6666666666666665
XY-KBB,377,3.0833333333333335
XY-KBN,366,2.2916666666666665
XY-KBN,367,1.2916666666666665
XY-KBN,368,2.6666666666666665
XY-KBN,369,1.6666666666666665
XY-KBN,370,3.6666666666666665
XY-KBN,371,2.375
XY-KBN,372,2.125
XY-KBN,373,2.25
XY-KBN,374,2.2916666666666665
XY-KBN,375,2.125
XY-KBN,376,2.5833333333333335
XY-KBN,377,1.5416666666666665
XY-KCR,366,2.125
XY-KCR,367,1.875
XY-KCR,368,1.7083333333333333
XY-KCR,369,2.1666666666666665
XY-KCR,370,2.7083333333333335
XY-KCR,371,2.0416666666666665
XY-KCR,372,1.4583333333333333
XY-KCR,373,2.7083333333333335
XY-KCR,374,2.2083333333333335
XY-KCR,375,2.125
XY-KCR,376,1.5833333333333333
XY-KCR,377,2.0
XY-KDP,366,2.0416666666666665
XY-KDP,367,1.8333333333333333
XY-KDP,368,3.0
XY-KDP,369,1.5416666666666665
XY-KDP,370,1.2916666666666667
XY-KDP,371,1.8333333333333333
XY-KDP,372,1.25
XY-KDP,373,2.375
XY-KDP,374,2.4166666666666665
XY-KDP,375,1.5833333333333333
XY-KDP,376,1.75
XY-KDP,377,1.7916666666666665
XY-KNE,366,2.333333333333333
XY-KNE,367,1.4166666666666665
XY-KNE,368,2.583333333333333
XY-KNE,369,2.5
XY-KNE,370,1.5
XY-KNE,371,1.375
XY-KNE,372,2.7916666666666665
XY-KNE,373,2.5
XY-KNE,374,2.5416666666666665
XY-KNE,375,2.75
XY-KNE,376,1.75
XY-KNE,377,1.5416666666666665
XY-KOG,366,1.4583333333333333
XY-KOG,367,1.4166666666666665
XY-KOG,368,1.75
XY-KOG,369,2.2083333333333335
XY-KOG,370,1.7083333333333333
XY-KOG,371,2.25
XY-KOG,372,2.4166666666666665
XY-KOG,373,1.75
XY-KOG,374,1.0416666666666667
XY-KOG,375,2.7916666666666665
XY-KOG,376,1.5833333333333333
XY-KOG,377,1.5416666666666665
XY-KPK,366,1.7916666666666665
XY-KPK,367,1.2916666666666665
XY-KPK,368,2.2083333333333335
XY-KPK,369,2.125
XY-KPK,370,2.0833333333333335
XY-KPK,371,2.0
XY-KPK,372,2.7916666666666665
XY-KPK,373,2.4166666666666665
XY-KPK,374,1.7083333333333333
XY-KPK,375,2.375
XY-KPK,376,2.2916666666666665
XY-KPK,377,3.25
XY-KSZ,366,1.9583333333333333
XY-KSZ,367,3.125
XY-KSZ,368,2.5416666666666665
XY-KSZ,369,1.25
XY-KSZ,370,1.7083333333333333
XY-KSZ,371,2.2916666666666665
XY-KSZ,372,2.375
XY-KSZ,373,2.125
XY-KSZ,374,2.0416666666666665
XY-KSZ,375,2.625
XY-KSZ,376,1.25
XY-KSZ,377,1.5833333333333333
XY-KVO,366,2.5
XY-KVO,367,1.375
XY-KVO,368,2.4166666666666665
XY-KVO,369,2.3333333333333335
XY-KVO,370,2.208333333333333
XY-KVO,371,2.1666666666666665
XY-KVO,372,2.5
XY-KVO,373,2.5416666666666665
XY-KVO,374,2.1666666666666665
XY-KVO,375,1.875
XY-KVO,376,1.8333333333333333
XY-KVO,377,2.2916666666666665
XY-KVP,366,1.9583333333333333
XY-KVP,367,1.9583333333333333
XY-KVP,368,2.2083333333333335
XY-KVP,369,2.5416666666666665
XY-KVP,370,2.125
XY-KVP,371,1.9166666666666665
XY-KVP,372,2.375
XY-KVP,373,1.5833333333333333
XY-KVP,374,1.8333333333333333
XY-KVP,375,2.2916666666666665
XY-KVP,376,2.125
XY-KVP,377,3.0833333333333335
XY-KVT,366,2.125
XY-KVT,367,2.4166666666666665
XY-KVT,368,2.2916666666666665
XY-KVT,369,2.125
XY-KVT,370,2.0833333333333335
XY-KVT,371,2.0
XY-KVT,372,1.9583333333333333
XY-KVT,373,3.375
XY-KVT,374,1.9166666666666665
XY-KVT,375,2.7083333333333335
XY-KVT,376,1.9583333333333333
XY-KVT,377,2.3333333333333335
XY-KYH,366,1.5833333333333333
XY-KYH,367,2.25
XY-KYH,368,1.7083333333333333
XY-KYH,369,2.208333333333333
XY-KYH,370,2.1666666666666665
XY-KYH,371,2.6666666666666665
XY-KYH,372,2.0
XY-KYH,373,2.3333333333333335
XY-KYH,374,1.5416666666666665
XY-KYH,375,2.375
XY-KYH,376,2.708333333333333
XY-KYH,377,2.75
XY-LAA,366,1.9583333333333333
XY-LAA,367,2.8333333333333335
XY-LAA,368,2.583333333333333
XY-LAA,369,3.7083333333333335
XY-LAA,370,2.4583333333333335
XY-LAA,371,2.2916666666666665
XY-LAA,372,2.4583333333333335
XY-LAA,373,2.3333333333333335
XY-LAA,374,1.9166666666666665
XY-LAA,375,2.4166666666666665
XY-LAA,376,2.375
XY-LAA,377,2.7916666666666665
XY-LCO,366,1.2916666666666665
XY-LCO,367,2.0833333333333335
XY-LCO,368,1.9583333333333333
XY-LCO,369,1.5416666666666667
XY-LCO,370,2.4583333333333335
XY-LCO,371,2.2916666666666665
XY-LCO,372,2.0416666666666665
XY-LCO,373,2.4166666666666665
XY-LCO,374,2.6666666666666665
XY-LCO,375,2.625
XY-LCO,376,2.0833333333333335
XY-LCO,377,2.5
XY-LDI,366,1.7916666666666665
XY-LDI,367,2.083333333333333
XY-LDI,368,2.0
XY-LDI,369,2.3333333333333335
XY-LDI,370,1.4166666666666667
XY-LDI,371,2.875
XY-LDI,372,2.25
XY-LDI,373,2.7916666666666665
XY-LDI,374,1.75
XY-LDI,375,1.6666666666666667
XY-LDI,376,2.5
XY-LDI,377,1.9583333333333333
XY-LKU,366,1.8333333333333333
XY-LKU,367,2.1666666666666665
XY-LKU,368,2.5416666666666665
XY-LKU,369,1.5
XY-LKU,370,2.0833333333333335
XY-LKU,371,2.875
XY-LKU,372,2.125
XY-LKU,373,1.1666666666666667
XY-LKU,374,2.5416666666666665
XY-LKU,375,2.625
XY-LKU,376,2.25
XY-LKU,377,2.2083333333333335
XY-LLS,366,1.6666666666666665
XY-LLS,367,1.875
XY-LLS,368,2.1666666666666665
XY-LLS,369,1.7083333333333333
XY-LLS,370,2.8333333333333335
XY-LLS,371,3.125
XY-LLS,372,2.083333333333333
XY-LLS,373,2.4166666666666665
XY-LLS,374,2.0416666666666665
XY-LLS,375,1.5833333333333333
XY-LLS,376,1.8333333333333333
XY-LLS,377,2.0
XY-LOP,366,2.333333333333333
XY-LOP,367,1.875
XY-LOP,368,2.2083333333333335
XY-LOP,369,2.0416666666666665
XY-LOP,370,2.6666666666666665
XY-LOP,371,2.0
XY-LOP,372,2.625
XY-LOP,373,2.125
XY-LOP,374,1.7083333333333333
XY-LOP,375,2.6666666666666665
XY-LOP,376,2.5
XY-LOP,377,2.5416666666666665
XY-LQW,366,1.6666666666666667
XY-LQW,367,2.5416666666666665
XY-LQW,368,1.9166666666666667
XY-LQW,369,1.75
XY-LQW,370,1.625
XY-LQW,371,2.25
XY-LQW,372,2.3333333333333335
XY-LQW,373,1.8333333333333333
XY-LQW,374,1.4166666666666665
XY-LQW,375,2.5
XY-LQW,376,2.0416666666666665
XY-LQW,377,2.0833333333333335
XY-LTU,366,1.6666666666666665
XY-LTU,367,2.208333333333333
XY-LTU,368,2.2083333333333335
XY-LTU,369,2.7916666666666665
XY-LTU,370,1.9166666666666665
XY-LTU,371,3.125
XY-LTU,372,2.6666666666666665
XY-LTU,373,1.0833333333333333
XY-LTU,374,2.4166666666666665
XY-LTU,375,1.7083333333333333
XY-LTU,376,2.8333333333333335
XY-LTU,377,1.75
XY-LVP,366,2.9583333333333335
XY-LVP,367,2.0416666666666665
XY-LVP,368,2.125
XY-LVP,369,2.25
XY-LVP,370,1.75
XY-LVP,371,1.9583333333333333
XY-LVP,372,3.208333333333333
XY-LVP,373,1.9583333333333333
XY-LVP,374,2.125
XY-LVP,375,1.9166666666666667
XY-LVP,376,2.7916666666666665
XY-LVP,377,2.7916666666666665
XY-LYI,366,1.3333333333333333
XY-LYI,367,2.833333333333333
XY-LYI,368,1.9583333333333333
XY-LYI,369,3.1666666666666665
XY-LYI,370,2.375
XY-LYI,371,1.6666666666666667
XY-LYI,372,1.5
XY-LYI,373,3.125
XY-LYI,374,2.9583333333333335
XY-LYI,375,3.5
XY-LYI,376,2.5416666666666665
XY-LYI,377,1.6666666666666665
XY-LZW,366,0.8333333333333333
XY-LZW,367,2.5
XY-LZW,368,2.5416666666666665
XY-LZW,369,3.2083333333333335
XY-LZW,370,1.7916666666666667
XY-LZW,371,2.083333333333333
XY-LZW,372,2.4166666666666665
XY-LZW,373,2.75
XY-LZW,374,2.125
XY-LZW,375,2.5
XY-LZW,376,1.9583333333333333
XY-LZW,377,2.7916666666666665
XY-LZX,366,1.9583333333333333
XY-LZX,367,3.208333333333333
XY-LZX,368,2.4166666666666665
XY-LZX,369,2.5
XY-LZX,370,2.0833333333333335
XY-LZX,371,2.25
XY-LZX,372,1.25
XY-LZX,373,1.625
XY-LZX,374,2.625
XY-LZX,375,1.875
XY-LZX,376,1.9583333333333333
XY-LZX,377,1.4166666666666665
XY-MAB,366,2.8333333333333335
XY-MAB,367,0.9166666666666666
XY-MAB,368,2.875
XY-MAB,369,3.083333333333333
XY-MAB,370,2.4166666666666665
XY-MAB,371,1.9166666666666665
XY-MAB,372,2.5833333333333335
XY-MAB,373,2.7083333333333335
XY-MAB,374,2.5
XY-MAB,375,1.8333333333333333
XY-MAB,376,2.0416666666666665
XY-MAB,377,2.0416666666666665
XY-MIC,366,1.7083333333333333
XY-MIC,367,1.7916666666666665
XY-MIC,368,2.25
XY-MIC,369,3.5833333333333335
XY-MIC,370,1.4583333333333333
XY-MIC,371,2.833333333333333
XY-MIC,372,1.5833333333333333
XY-MIC,373,2.2083333333333335
XY-MIC,374,1.3333333333333333
XY-MIC,375,2.125
XY-MIC,376,2.2916666666666665
XY-MIC,377,2.125
XY-MKF,366,2.0416666666666665
XY-MKF,367,2.5416666666666665
XY-MKF,368,2.3333333333333335
XY-MKF,369,1.9166666666666665
XY-MKF,370,1.4583333333333333
XY-MKF,371,2.375
XY-MKF,372,1.875
XY-MKF,373,1.5416666666666667
XY-MKF,374,2.583333333333333
XY-MKF,375,2.583333333333333
XY-MKF,376,1.5833333333333333
XY-MKF,377,2.2916666666666665
XY-MKZ,366,1.5
XY-MKZ,367,2.4583333333333335
XY-MKZ,368,2.0
XY-MKZ,369,1.7916666666666665
XY-MKZ,370,2.3333333333333335
XY-MKZ,371,2.208333333333333
XY-MKZ,372,1.3333333333333333
XY-MKZ,373,2.75
XY-MKZ,374,2.0833333333333335
XY-MKZ,375,2.125
XY-MKZ,376,1.8333333333333333
XY-MKZ,377,2.083333333333333
XY-MOO,366,3.2916666666666665
XY-MOO,367,2.75
XY-MOO,368,2.9166666666666665
XY-MOO,369,1.8333333333333333
XY-MOO,370,2.75
XY-MOO,371,2.625
XY-MOO,372,1.625
XY-MOO,373,1.625
XY-MOO,374,2.75
XY-MOO,375,2.1666666666666665
XY-MOO,376,1.8333333333333333
XY-MOO,377,2.6666666666666665
XY-MPK,366,1.5
XY-MPK,367,2.5
XY-MPK,368,2.0
XY-MPK,369,1.9166666666666665
XY-MPK,370,3.0833333333333335
XY-MPK,371,1.5416666666666665
XY-MPK,372,2.458333333333333
XY-MPK,373,1.9166666666666667
XY-MPK,374,2.875
XY-MPK,375,2.375
XY-MPK,376,2.0
XY-MPK,377,3.125
XY-MQW,366,2.4583333333333335
XY-MQW,367,1.9166666666666667
XY-MQW,368,2.7083333333333335
XY-MQW,369,2.25
XY-MQW,370,2.3333333333333335
XY-MQW,371,2.8333333333333335
XY-MQW,372,2.375
XY-MQW,373,2.375
XY-MQW,374,1.4166666666666665
XY-MQW,375,2.9583333333333335
XY-MQW,376,2.125
XY-MQW,377,1.75
XY-MUL,366,2.2916666666666665
XY-MUL,367,1.2916666666666665
XY-MUL,368,2.25
XY-MUL,369,1.5833333333333333
XY-MUL,370,2.375
XY-MUL,371,2.1666666666666665
XY-MUL,372,2.375
XY-MUL,373,1.7916666666666665
XY-MUL,374,2.1666666666666665
XY-MUL,375,3.0
XY-MUL,376,2.25
XY-MUL,377,1.4166666666666665
XY-MXO,366,1.9583333333333333
XY-MXO,367,1.5416666666666667
XY-MXO,368,2.25
XY-MXO,369,2.25
XY-MXO,370,2.1666666666666665
XY-MXO,371,3.333333333333333
XY-MXO,372,2.0833333333333335
XY-MXO,373,1.875
XY-MXO,374,2.0416666666666665
XY-MXO,375,1.8333333333333333
XY-MXO,376,2.4166666666666665
XY-MXO,377,2.0416666666666665
XY-MXQ,366,2.5
XY-MXQ,367,2.5416666666666665
XY-MXQ,368,2.8333333333333335
XY-MXQ,369,3.2916666666666665
XY-MXQ,370,2.0416666666666665
XY-MXQ,371,2.2083333333333335
XY-MXQ,372,2.875
XY-MXQ,373,2.1666666666666665
XY-MXQ,374,1.2916666666666665
XY-MXQ,375,2.458333333333333
XY-MXQ,376,2.0
XY-MXQ,377,1.4166666666666667
XY-NAE,366,1.25
XY-NAE,367,1.5833333333333333
XY-NAE,368,2.8333333333333335
XY-NAE,369,2.2916666666666665
XY-NAE,370,1.875
XY-NAE,371,3.083333333333333
XY-NAE,372,2.125
XY-NAE,373,2.9583333333333335
XY-NAE,374,2.4583333333333335
XY-NAE,375,1.5833333333333333
XY-NAE,376,2.2083333333333335
XY-NAE,377,2.2083333333333335
XY-NDM,366,2.875
XY-NDM,367,1.1666666666666667
XY-NDM,368,3.1666666666666665
XY-NDM,369,2.2083333333333335
XY-NDM,370,2.7083333333333335
XY-NDM,371,1.875
XY-NDM,372,2.25
XY-NDM,373,1.6666666666666667
XY-NDM,374,3.958333333333333
XY-NDM,375,2.5833333333333335
XY-NDM,376,1.875
XY-NDM,377,2.2083333333333335
XY-NEU,366,1.9583333333333333
XY-NEU,367,1.0416666666666667
XY-NEU,368,1.7916666666666665
XY-NEU,369,1.5416666666666665
XY-NEU,370,2.875
XY-NEU,371,2.375
XY-NEU,372,2.25
XY-NEU,373,2.5416666666666665
XY-NEU,374,2.2916666666666665
XY-NEU,375,2.875
XY-NEU,376,2.458333333333333
XY-NEU,377,2.083333333333333
XY-NGG,366,1.6666666666666667
XY-NGG,367,2.2083333333333335
XY-NGG,368,2.625
XY-NGG,369,2.4166666666666665
XY-NGG,370,1.7916666666666665
XY-NGG,371,2.083333333333333
XY-NGG,372,1.875
XY-NGG,373,2.0
XY-NGG,374,2.833333333333333
XY-NGG,375,2.833333333333333
XY-NGG,376,2.2083333333333335
XY-NGG,377,2.0
XY-NIP,366,0.7083333333333333
XY-NIP,367,2.125
XY-NIP,368,2.5833333333333335
XY-NIP,369,3.25
XY-NIP,370,1.7916666666666665
XY-NIP,371,2.7083333333333335
XY-NIP,372,2.5833333333333335
XY-NIP,373,1.6666666666666665
XY-NIP,374,2.4166666666666665
XY-NIP,375,2.208333333333333
XY-NIP,376,3.333333333333333
XY-NIP,377,1.9583333333333333
XY-NIX,366,2.125
XY-NIX,367,2.708333333333333
XY-NIX,368,1.5833333333333333
XY-NIX,369,2.6666666666666665
XY-NIX,370,2.5416666666666665
XY-NIX,371,2.2916666666666665
XY-NIX,372,2.6666666666666665
XY-NIX,373,1.875
XY-NIX,374,1.9583333333333333
XY-NIX,375,2.625
XY-NIX,376,2.125
XY-NIX,377,2.833333333333333
XY-NJE,366,3.0416666666666665
XY-NJE,367,2.25
XY-NJE,368,2.75
XY-NJE,369,2.0416666666666665
XY-NJE,370,2.2083333333333335
XY-NJE,371,1.7916666666666665
XY-NJE,372,3.25
XY-NJE,373,2.3333333333333335
XY-NJE,374,3.2916666666666665
XY-NJE,375,2.125
XY-NJE,376,1.9583333333333333
XY-NJE,377,1.875
XY-NNB,366,2.4166666666666665
XY-NNB,367,2.1666666666666665
XY-NNB,368,1.9166666666666667
XY-NNB,369,1.875
XY-NNB,370,2.375
XY-NNB,371,1.9583333333333333
XY-NNB,372,2.6666666666666665
XY-NNB,373,2.333333333333333
XY-NNB,374,2.5
XY-NNB,375,1.6666666666666665
XY-NNB,376,1.875
XY-NNB,377,1.8333333333333333
XY-NNX,366,2.2916666666666665
XY-NNX,367,1.8333333333333333
XY-NNX,368,2.875
XY-NNX,369,2.0416666666666665
XY-NNX,370,2.375
XY-NNX,371,2.0416666666666665
XY-NNX,372,2.708333333333333
XY-NNX,373,2.458333333333333
XY-NNX,374,1.6666666666666667
XY-NNX,375,2.125
XY-NNX,376,1.7083333333333333
XY-NNX,377,1.625
XY-NQR,366,1.9166666666666665
XY-NQR,367,2.583333333333333
XY-NQR,368,2.375
XY-NQR,369,2.25
XY-NQR,370,2.3333333333333335
XY-NQR,371,1.375
XY-NQR,372,1.9583333333333333
XY-NQR,373,1.6666666666666665
XY-NQR,374,1.75
XY-NQR,375,2.25
XY-NQR,376,2.2083333333333335
XY-NQR,377,1.9166666666666665
XY-NVG,366,1.6666666666666665
XY-NVG,367,2.1666666666666665
XY-NVG,368,2.125
XY-NVG,369,1.9166666666666665
XY-NVG,370,2.375
XY-NVG,371,1.9583333333333333
XY-NVG,372,2.5
XY-NVG,373,2.25
XY-NVG,374,2.9166666666666665
XY-NVG,375,1.8333333333333333
XY-NVG,376,2.7083333333333335
XY-NVG,377,2.125
XY-NYU,366,1.75
XY-NYU,367,1.875
XY-NYU,368,2.0
XY-NYU,369,2.125
XY-NYU,370,1.625
XY-NYU,371,2.458333333333333
XY-NYU,372,1.5833333333333333
XY-NYU,373,2.0416666666666665
XY-NYU,374,2.5
XY-NYU,375,2.1666666666666665
XY-NYU,376,2.1666666666666665
XY-NYU,377,2.375
XY-OAW,366,2.875
XY-OAW,367,2.1666666666666665
XY-OAW,368,3.2083333333333335
XY-OAW,369,1.8333333333333333
XY-OAW,370,2.2916666666666665
XY-OAW,371,2.0
XY-OAW,372,2.375
XY-OAW,373,1.7916666666666665
XY-OAW,374,2.333333333333333
XY-OAW,375,2.8333333333333335
XY-OAW,376,2.1666666666666665
XY-OAW,377,2.1666666666666665
XY-OLC,366,2.1666666666666665
XY-OLC,367,1.875
XY-OLC,368,2.9166666666666665
XY-OLC,369,2.1666666666666665
XY-OLC,370,2.5416666666666665
XY-OLC,371,2.375
XY-OLC,372,2.208333333333333
XY-OLC,373,2.0
XY-OLC,374,1.875
XY-OLC,375,2.2083333333333335
XY-OLC,376,2.0416666666666665
XY-OLC,377,1.9166666666666667
XY-OMH,366,1.5416666666666667
XY-OMH,367,1.7916666666666665
XY-OMH,368,3.4166666666666665
XY-OMH,369,1.75
XY-OMH,370,1.7083333333333333
XY-OMH,371,1.2916666666666665
XY-OMH,372,2.1666666666666665
XY-OMH,373,1.3333333333333333
XY-OMH,374,1.875
XY-OMH,375,2.1666666666666665
XY-OMH,376,3.208333333333333
XY-OMH,377,2.583333333333333
XY-OMM,366,1.9583333333333333
XY-OMM,367,2.125
XY-OMM,368,2.5416666666666665
XY-OMM,369,1.2083333333333333
XY-OMM,370,1.9583333333333333
XY-OMM,371,1.875
XY-OMM,372,2.75
XY-OMM,373,2.625
XY-OMM,374,1.7916666666666667
XY-OMM,375,2.625
XY-OMM,376,2.083333333333333
XY-OMM,377,2.4583333333333335
XY-OOS,366,2.7083333333333335
XY-OOS,367,1.375
XY-OOS,368,3.1666666666666665
XY-OOS,369,2.5
XY-OOS,370,1.4166666666666667
XY-OOS,371,2.5833333333333335
XY-OOS,372,1.4166666666666665
XY-OOS,373,3.0
XY-OOS,374,1.1666666666666667
XY-OOS,375,1.7916666666666665
XY-OOS,376,2.1666666666666665
XY-OOS,377,2.0416666666666665
XY-OSO,366,2.9166666666666665
XY-OSO,367,1.5833333333333333
XY-OSO,368,2.375
XY-OSO,369,2.125
XY-OSO,370,2.5416666666666665
XY-OSO,371,2.6666666666666665
XY-OSO,372,2.7916666666666665
XY-OSO,373,1.7916666666666665
XY-OSO,374,2.0
XY-OSO,375,1.5
XY-OSO,376,1.625
XY-OSO,377,2.4583333333333335
XY-OSZ,366,2.2916666666666665
XY-OSZ,367,1.75
XY-OSZ,368,2.583333333333333
XY-OSZ,369,2.7083333333333335
XY-OSZ,370,1.9583333333333333
XY-OSZ,371,2.1666666666666665
XY-OSZ,372,3.3333333333333335
XY-OSZ,373,2.8333333333333335
XY-OSZ,374,2.8333333333333335
XY-OSZ,375,1.875
XY-OSZ,376,2.5
XY-OSZ,377,2.1666666666666665
XY-OXK,366,1.9166666666666665
XY-OXK,367,1.9583333333333333
XY-OXK,368,2.5
XY-OXK,369,1.0416666666666665
XY-OXK,370,4.0
XY-OXK,371,1.5
XY-OXK,372,1.625
XY-OXK,373,2.5416666666666665
XY-OXK,374,2.75
XY-OXK,375,2.4583333333333335
XY-OXK,376,3.0833333333333335
XY-OXK,377,2.6666666666666665
XY-OYB,366,1.0833333333333333
XY-OYB,367,2.7916666666666665
XY-OYB,368,2.0
XY-OYB,369,2.7083333333333335
XY-OYB,370,3.2916666666666665
XY-OYB,371,2.25
XY-OYB,372,2.0833333333333335
XY-OYB,373,1.7916666666666667
XY-OYB,374,1.1666666666666667
XY-OYB,375,2.5
XY-OYB,376,2.333333333333333
XY-OYB,377,2.0833333333333335
XY-OYK,366,3.0
XY-OYK,367,1.5833333333333333
XY-OYK,368,2.875
XY-OYK,369,2.7083333333333335
XY-OYK,370,2.7083333333333335
XY-OYK,371,1.9166666666666667
XY-OYK,372,2.375
XY-OYK,373,1.3333333333333333
XY-OYK,374,1.6666666666666665
XY-OYK,375,1.8333333333333333
XY-OYK,376,1.9583333333333333
XY-OYK,377,3.083333333333333
XY-OZE,366,3.3333333333333335
XY-OZE,367,0.9583333333333333
XY-OZE,368,2.5
XY-OZE,369,1.0416666666666667
XY-OZE,370,1.5833333333333333
XY-OZE,371,2.5
XY-OZE,372,2.0833333333333335
XY-OZE,373,2.8333333333333335
XY-OZE,374,1.75
XY-OZE,375,2.125
XY-OZE,376,1.4166666666666665
XY-OZE,377,2.083333333333333
XY-PCS,366,2.0416666666666665
XY-PCS,367,2.125
XY-PCS,368,2.583333333333333
XY-PCS,369,2.0
XY-PCS,370,3.2083333333333335
XY-PCS,371,2.7916666666666665
XY-PCS,372,1.7916666666666665
XY-PCS,373,2.2916666666666665
XY-PCS,374,2.25
XY-PCS,375,1.875
XY-PCS,376,2.5416666666666665
XY-PCS,377,1.8333333333333333
XY-PHE,366,2.25
XY-PHE,367,2.875
XY-PHE,368,2.3333333333333335
XY-PHE,369,2.0833333333333335
XY-PHE,370,1.5
XY-PHE,371,1.9166666666666667
XY-PHE,372,2.25
XY-PHE,373,1.2916666666666665
XY-PHE,374,1.875
XY-PHE,375,2.125
XY-PHE,376,2.0
XY-PHE,377,3.0833333333333335
XY-PNV,366,3.2083333333333335
XY-PNV,367,2.4166666666666665
XY-PNV,368,2.125
XY-PNV,369,1.4166666666666665
XY-PNV,370,2.0
XY-PNV,371,3.125
XY-PNV,372,1.9166666666666665
XY-PNV,373,2.7916666666666665
XY-PNV,374,2.5416666666666665
XY-PNV,375,2.0833333333333335
XY-PNV,376,2.25
XY-PNV,377,2.2916666666666665
XY-POG,366,2.2916666666666665
XY-POG,367,2.5
XY-POG,368,1.9583333333333333
XY-POG,369,2.125
XY-POG,370,3.0
XY-POG,371,2.5416666666666665
XY-POG,372,2.4583333333333335
XY-POG,373,2.625
XY-POG,374,2.5
XY-POG,375,2.625
XY-POG,376,1.9166666666666665
XY-POG,377,1.7916666666666667
XY-POS,366,2.1666666666666665
XY-POS,367,2.0416666666666665
XY-POS,368,2.5833333333333335
XY-POS,369,2.5
XY-POS,370,2.75
XY-POS,371,1.8333333333333333
XY-POS,372,2.0
XY-POS,373,1.6666666666666665
XY-POS,374,2.0
XY-POS,375,1.5
XY-POS,376,2.208333333333333
XY-POS,377,2.4583333333333335
XY-PQS,366,2.5
XY-PQS,367,2.5
XY-PQS,368,1.6666666666666665
XY-PQS,369,2.1666666666666665
XY-PQS,370,2.958333333333333
XY-PQS,371,1.7916666666666667
XY-PQS,372,1.9166666666666665
XY-PQS,373,1.75
XY-PQS,374,2.7916666666666665
XY-PQS,375,2.208333333333333
XY-PQS,376,2.5
XY-PQS,377,1.7083333333333333
XY-PTF,366,2.625
XY-PTF,367,2.2083333333333335
XY-PTF,368,2.1666666666666665
XY-PTF,369,2.208333333333333
XY-PTF,370,2.0416666666666665
XY-PTF,371,1.9166666666666665
XY-PTF,372,3.0
XY-PTF,373,2.5833333333333335
XY-PTF,374,2.25
XY-PTF,375,2.0
XY-PTF,376,2.25
XY-PTF,377,2.0833333333333335
XY-PUG,366,1.4166666666666667
XY-PUG,367,1.9583333333333333
XY-PUG,368,2.5
XY-PUG,369,2.2916666666666665
XY-PUG,370,1.9166666666666667
XY-PUG,371,3.083333333333333
XY-PUG,372,2.1666666666666665
XY-PUG,373,2.3333333333333335
XY-PUG,374,1.875
XY-PUG,375,2.5
XY-PUG,376,2.375
XY-PUG,377,2.458333333333333
XY-PYS,366,1.9166666666666665
XY-PYS,367,1.8333333333333333
XY-PYS,368,2.0416666666666665
XY-PYS,369,2.2916666666666665
XY-PYS,370,2.7916666666666665
XY-PYS,371,2.2083333333333335
XY-PYS,372,2.375
XY-PYS,373,2.0
XY-PYS,374,1.7083333333333333
XY-PYS,375,2.0416666666666665
XY-PYS,376,2.0
XY-PYS,377,2.5416666666666665
XY-QAM,366,1.9583333333333333
XY-QAM,367,1.5833333333333333
XY-QAM,368,1.625
XY-QAM,369,2.7083333333333335
XY-QAM,370,1.875
XY-QAM,371,2.333333333333333
XY-QAM,372,1.2916666666666665
XY-QAM,373,2.5416666666666665
XY-QAM,374,2.1666666666666665
XY-QAM,375,2.0833333333333335
XY-QAM,376,3.375
XY-QAM,377,2.125
XY-QBG,366,2.1666666666666665
XY-QBG,367,2.75
XY-QBG,368,2.0
XY-QBG,369,1.5416666666666665
XY-QBG,370,1.9583333333333333
XY-QBG,371,1.5
XY-QBG,372,3.0833333333333335
XY-QBG,373,2.7916666666666665
XY-QBG,374,2.4166666666666665
XY-QBG,375,1.1666666666666665
XY-QBG,376,3.5416666666666665
XY-QBG,377,1.7083333333333333
XY-QDN,366,1.75
XY-QDN,367,1.7916666666666665
XY-QDN,368,2.0416666666666665
XY-QDN,369,2.2916666666666665
XY-QDN,370,1.7083333333333333
XY-QDN,371,2.5833333333333335
XY-QDN,372,2.7083333333333335
XY-QDN,373,1.6666666666666665
XY-QDN,374,2.708333333333333
XY-QDN,375,2.0833333333333335
XY-QDN,376,2.375
XY-QDN,377,3.25
XY-QKM,366,2.625
XY-QKM,367,2.5
XY-QKM,368,2.125
XY-QKM,369,1.625
XY-QKM,370,1.9583333333333333
XY-QKM,371,2.333333333333333
XY-QKM,372,2.2916666666666665
XY-QKM,373,2.0833333333333335
XY-QKM,374,1.1666666666666667
XY-QKM,375,2.0416666666666665
XY-QKM,376,1.5833333333333333
XY-QKM,377,2.6666666666666665
XY-QSO,366,1.875
XY-QSO,367,2.2916666666666665
XY-QSO,368,2.0
XY-QSO,369,1.6666666666666665
XY-QSO,370,1.75
XY-QSO,371,2.4583333333333335
XY-QSO,372,1.8333333333333333
XY-QSO,373,1.7916666666666665
XY-QSO,374,2.5
XY-QSO,375,3.0416666666666665
XY-QSO,376,1.875
XY-QSO,377,1.5833333333333333
XY-QTR,366,2.0416666666666665
XY-QTR,367,2.9166666666666665
XY-QTR,368,2.583333333333333
XY-QTR,369,1.9583333333333333
XY-QTR,370,2.25
XY-QTR,371,2.5
XY-QTR,372,1.7083333333333333
XY-QTR,373,1.8333333333333333
XY-QTR,374,2.75
XY-QTR,375,1.5416666666666665
XY-QTR,376,2.9166666666666665
XY-QTR,377,2.2916666666666665
XY-QUP,366,1.7083333333333333
XY-QUP,367,2.75
XY-QUP,368,2.75
XY-QUP,369,1.8333333333333333
XY-QUP,370,1.8333333333333333
XY-QUP,371,2.5416666666666665
XY-QUP,372,1.75
XY-QUP,373,2.2916666666666665
XY-QUP,374,2.2916666666666665
XY-QUP,375,1.4583333333333333
XY-QUP,376,3.5
XY-QUP,377,1.8333333333333333
XY-QZE,366,2.5416666666666665
XY-QZE,367,2.0416666666666665
XY-QZE,368,1.6666666666666665
XY-QZE,369,2.625
XY-QZE,370,1.6666666666666665
XY-QZE,371,2.25
XY-QZE,372,2.4583333333333335
XY-QZE,373,2.583333333333333
XY-QZE,374,1.75
XY-QZE,375,2.5416666666666665
XY-QZE,376,2.6666666666666665
XY-QZE,377,2.875
XY-RBU,366,2.833333333333333
XY-RBU,367,1.8333333333333333
XY-RBU,368,2.2083333333333335
XY-RBU,369,2.2083333333333335
XY-RBU,370,1.75
XY-RBU,371,1.5416666666666665
XY-RBU,372,1.5416666666666665
XY-RBU,373,2.7916666666666665
XY-RBU,374,3.0416666666666665
XY-RBU,375,2.708333333333333
XY-RBU,376,2.2083333333333335
XY-RBU,377,1.4166666666666665
XY-RCD,366,1.9166666666666665
XY-RCD,367,2.0
XY-RCD,368,1.9166666666666665
XY-RCD,369,4.0
XY-RCD,370,2.1666666666666665
XY-RCD,371,2.0
XY-RCD,372,2.0416666666666665
XY-RCD,373,2.8333333333333335
XY-RCD,374,2.0833333333333335
XY-RCD,375,2.6666666666666665
XY-RCD,376,2.1666666666666665
XY-RCD,377,2.3333333333333335
XY-RCY,366,3.0416666666666665
XY-RCY,367,1.7083333333333333
XY-RCY,368,3.25
XY-RCY,369,2.375
XY-RCY,370,1.6666666666666667
XY-RCY,371,2.0833333333333335
XY-RCY,372,2.5
XY-RCY,373,2.625
XY-RCY,374,1.75
XY-RCY,375,1.7916666666666667
XY-RCY,376,2.6666666666666665
XY-RCY,377,2.0416666666666665
XY-RFM,366,1.75
XY-RFM,367,1.7916666666666667
XY-RFM,368,1.7916666666666665
XY-RFM,369,2.0833333333333335
XY-RFM,370,2.5416666666666665
XY-RFM,371,2.3333333333333335
XY-RFM,372,2.1666666666666665
XY-RFM,373,2.75
XY-RFM,374,1.625
XY-RFM,375,2.25
XY-RFM,376,2.1666666666666665
XY-RFM,377,3.875
XY-RGP,366,2.875
XY-RGP,367,2.625
XY-RGP,368,2.625
XY-RGP,369,1.9583333333333333
XY-RGP,370,2.25
XY-RGP,371,2.2916666666666665
XY-RGP,372,2.4583333333333335
XY-RGP,373,2.0
XY-RGP,374,3.1666666666666665
XY-RGP,375,1.7916666666666665
XY-RGP,376,2.0
XY-RGP,377,1.3333333333333333
XY-RJL,366,2.125
XY-RJL,367,2.5833333333333335
XY-RJL,368,1.0
XY-RJL,369,3.0416666666666665
XY-RJL,370,1.7916666666666667
XY-RJL,371,1.625
XY-RJL,372,2.0416666666666665
XY-RJL,373,2.0
XY-RJL,374,1.75
XY-RJL,375,1.8333333333333333
XY-RJL,376,2.75
XY-RJL,377,1.9166666666666665
XY-RJM,366,2.5833333333333335
XY-RJM,367,2.2916666666666665
XY-RJM,368,2.375
XY-RJM,369,1.9583333333333333
XY-RJM,370,2.9166666666666665
XY-RJM,371,2.3333333333333335
XY-RJM,372,2.3333333333333335
XY-RJM,373,3.5416666666666665
XY-RJM,374,1.75
XY-RJM,375,2.333333333333333
XY-RJM,376,2.25
XY-RJM,377,2.2916666666666665
XY-RJN,366,1.0416666666666665
XY-RJN,367,1.5833333333333333
XY-RJN,368,2.25
XY-RJN,369,1.9166666666666665
XY-RJN,370,2.0
XY-RJN,371,1.8333333333333333
XY-RJN,372,2.3333333333333335
XY-RJN,373,2.7916666666666665
XY-RJN,374,2.1666666666666665
XY-RJN,375,1.375
XY-RJN,376,2.7083333333333335
XY-RJN,377,1.75
XY-RQO,366,1.3333333333333333
XY-RQO,367,3.0416666666666665
XY-RQO,368,3.125
XY-RQO,369,2.0416666666666665
XY-RQO,370,1.7083333333333333
XY-RQO,371,2.1666666666666665
XY-RQO,372,2.375
XY-RQO,373,2.4166666666666665
XY-RQO,374,2.125
XY-RQO,375,2.1666666666666665
XY-RQO,376,2.3333333333333335
XY-RQO,377,1.7083333333333333
XY-RVT,366,3.333333333333333
XY-RVT,367,1.75
XY-RVT,368,2.2916666666666665
XY-RVT,369,2.2916666666666665
XY-RVT,370,2.375
XY-RVT,371,2.0416666666666665
XY-RVT,372,2.3333333333333335
XY-RVT,373,2.625
XY-RVT,374,2.1666666666666665
XY-RVT,375,2.0416666666666665
XY-RVT,376,2.4166666666666665
XY-RVT,377,1.625
XY-SCS,366,1.625
XY-SCS,367,2.0
XY-SCS,368,2.2916666666666665
XY-SCS,369,1.7083333333333333
XY-SCS,370,2.875
XY-SCS,371,2.2916666666666665
XY-SCS,372,2.4166666666666665
XY-SCS,373,2.25
XY-SCS,374,2.0416666666666665
XY-SCS,375,2.083333333333333
XY-SCS,376,1.5416666666666665
XY-SCS,377,2.6666666666666665
XY-SEM,366,2.5
XY-SEM,367,1.5416666666666665
XY-SEM,368,1.8333333333333333
XY-SEM,369,2.708333333333333
XY-SEM,370,2.3333333333333335
XY-SEM,371,1.75
XY-SEM,372,2.25
XY-SEM,373,2.125
XY-SEM,374,3.0416666666666665
XY-SEM,375,2.9166666666666665
XY-SEM,376,1.8333333333333333
XY-SEM,377,2.6666666666666665
XY-SFK,366,1.7916666666666665
XY-SFK,367,1.2083333333333333
XY-SFK,368,1.5
XY-SFK,369,1.5
XY-SFK,370,2.875
XY-SFK,371,1.6666666666666667
XY-SFK,372,2.625
XY-SFK,373,2.0833333333333335
XY-SFK,374,2.6666666666666665
XY-SFK,375,2.833333333333333
XY-SFK,376,2.4166666666666665
XY-SFK,377,2.125
XY-SHV,366,2.4583333333333335
XY-SHV,367,1.75
XY-SHV,368,1.8333333333333333
XY-SHV,369,2.125
XY-SHV,370,2.2916666666666665
XY-SHV,371,2.0
XY-SHV,372,2.2083333333333335
XY-SHV,373,1.7083333333333333
XY-SHV,374,1.2916666666666665
XY-SHV,375,2.625
XY-SHV,376,3.5
XY-SHV,377,3.0
XY-SIC,366,1.8333333333333333
XY-SIC,367,1.5416666666666665
XY-SIC,368,1.5833333333333333
XY-SIC,369,1.9583333333333333
XY-SIC,370,1.625
XY-SIC,371,2.0416666666666665
XY-SIC,372,2.375
XY-SIC,373,2.0416666666666665
XY-SIC,374,3.125
XY-SIC,375,1.2083333333333333
XY-SIC,376,2.25
XY-SIC,377,2.1666666666666665
XY-SJZ,366,1.5416666666666667
XY-SJZ,367,1.7083333333333333
XY-SJZ,368,2.458333333333333
XY-SJZ,369,2.625
XY-SJZ,370,2.8333333333333335
XY-SJZ,371,1.875
XY-SJZ,372,1.875
XY-SJZ,373,2.6666666666666665
XY-SJZ,374,1.75
XY-SJZ,375,2.625
XY-SJZ,376,1.8333333333333333
XY-SJZ,377,1.9166666666666665
XY-SME,366,1.7916666666666665
XY-SME,367,1.4583333333333333
XY-SME,368,2.9166666666666665
XY-SME,369,2.4583333333333335
XY-SME,370,2.0833333333333335
XY-SME,371,2.0416666666666665
XY-SME,372,1.75
XY-SME,373,1.5
XY-SME,374,3.125
XY-SME,375,2.2916666666666665
XY-SME,376,2.375
XY-SME,377,2.0
XY-SMM,366,2.375
XY-SMM,367,1.2083333333333333
XY-SMM,368,2.0
XY-SMM,369,2.9166666666666665
XY-SMM,370,1.625
XY-SMM,371,3.125
XY-SMM,372,1.9583333333333333
XY-SMM,373,1.6666666666666665
XY-SMM,374,2.875
XY-SMM,375,1.7083333333333333
XY-SMM,376,1.625
XY-SMM,377,2.708333333333333
XY-SPM,366,2.1666666666666665
XY-SPM,367,2.458333333333333
XY-SPM,368,2.2916666666666665
XY-SPM,369,1.4583333333333333
XY-SPM,370,2.875
XY-SPM,371,1.875
XY-SPM,372,2.0
XY-SPM,373,2.8333333333333335
XY-SPM,374,2.4166666666666665
XY-SPM,375,1.5833333333333333
XY-SPM,376,1.75
XY-SPM,377,2.0833333333333335
XY-STY,366,2.208333333333333
XY-STY,367,2.0
XY-STY,368,1.8333333333333333
XY-STY,369,2.6666666666666665
XY-STY,370,2.2916666666666665
XY-STY,371,2.0
XY-STY,372,1.5
XY-STY,373,2.75
XY-STY,374,2.75
XY-STY,375,2.2916666666666665
XY-STY,376,2.375
XY-STY,377,2.25
XY-SUH,366,2.4583333333333335
XY-SUH,367,1.25
XY-SUH,368,2.9166666666666665
XY-SUH,369,1.4583333333333333
XY-SUH,370,2.625
XY-SUH,371,1.2916666666666665
XY-SUH,372,2.25
XY-SUH,373,2.5833333333333335
XY-SUH,374,1.6666666666666665
XY-SUH,375,2.4166666666666665
XY-SUH,376,1.625
XY-SUH,377,1.7083333333333333
XY-SWK,366,2.4583333333333335
XY-SWK,367,2.2083333333333335
XY-SWK,368,2.0
XY-SWK,369,1.9583333333333333
XY-SWK,370,1.75
XY-SWK,371,2.2083333333333335
XY-SWK,372,2.8333333333333335
XY-SWK,373,2.25
XY-SWK,374,1.875
XY-SWK,375,1.9166666666666667
XY-SWK,376,2.5833333333333335
XY-SWK,377,1.6666666666666667
XY-TBD,366,1.75
XY-TBD,367,2.0416666666666665
XY-TBD,368,1.9166666666666665
XY-TBD,369,1.7083333333333333
XY-TBD,370,1.6666666666666665
XY-TBD,371,2.0416666666666665
XY-TBD,372,2.3333333333333335
XY-TBD,373,1.4583333333333333
XY-TBD,374,2.1666666666666665
XY-TBD,375,2.4166666666666665
XY-TBD,376,2.75
XY-TBD,377,1.9166666666666667
XY-TBY,366,2.0416666666666665
XY-TBY,367,4.041666666666667
XY-TBY,368,1.875
XY-TBY,369,2.0
XY-TBY,370,2.2916666666666665
XY-TBY,371,2.25
XY-TBY,372,3.0
XY-TBY,373,1.8333333333333333
XY-TBY,374,1.9583333333333333
XY-TBY,375,2.2916666666666665
XY-TBY,376,1.5833333333333333
XY-TBY,377,3.1666666666666665
XY-TDB,366,1.8333333333333333
XY-TDB,367,2.5416666666666665
XY-TDB,368,1.9583333333333333
XY-TDB,369,2.6666666666666665
XY-TDB,370,1.7916666666666665
XY-TDB,371,2.4166666666666665
XY-TDB,372,1.2916666666666665
XY-TDB,373,2.6666666666666665
XY-TDB,374,2.0
XY-TDB,375,2.5416666666666665
XY-TDB,376,2.1666666666666665
XY-TDB,377,2.0833333333333335
XY-TFY,366,1.7083333333333333
XY-TFY,367,1.5416666666666665
XY-TFY,368,2.625
XY-TFY,369,3.0416666666666665
XY-TFY,370,2.7916666666666665
XY-TFY,371,2.3333333333333335
XY-TFY,372,3.5833333333333335
XY-TFY,373,3.0416666666666665
XY-TFY,374,2.3333333333333335
XY-TFY,375,2.25
XY-TFY,376,2.0416666666666665
XY-TFY,377,1.8333333333333333
XY-TIH,366,1.6666666666666665
XY-TIH,367,2.25
XY-TIH,368,2.0416666666666665
XY-TIH,369,1.8333333333333333
XY-TIH,370,2.0
XY-TIH,371,2.375
XY-TIH,372,2.375
XY-TIH,373,1.9583333333333333
XY-TIH,374,3.375
XY-TIH,375,3.25
XY-TIH,376,2.375
XY-TIH,377,2.9583333333333335
XY-TJC,366,1.75
XY-TJC,367,1.6666666666666665
XY-TJC,368,2.375
XY-TJC,369,1.8333333333333333
XY-TJC,370,2.2916666666666665
XY-TJC,371,2.0416666666666665
XY-TJC,372,2.0833333333333335
XY-TJC,373,1.7916666666666665
XY-TJC,374,3.208333333333333
XY-TJC,375,1.9166666666666667
XY-TJC,376,2.125
XY-TJC,377,2.458333333333333
XY-TKG,366,2.2083333333333335
XY-TKG,367,2.0833333333333335
XY-TKG,368,2.2916666666666665
XY-TKG,369,1.6666666666666667
XY-TKG,370,1.7083333333333333
XY-TKG,371,1.9166666666666665
XY-TKG,372,1.375
XY-TKG,373,1.4583333333333333
XY-TKG,374,2.125
XY-TKG,375,1.1666666666666667
XY-TKG,376,1.4166666666666667
XY-TKG,377,2.375
XY-TKH,366,2.5
XY-TKH,367,2.1666666666666665
XY-TKH,368,2.2083333333333335
XY-TKH,369,1.4583333333333333
XY-TKH,370,1.5416666666666665
XY-TKH,371,2.25
XY-TKH,372,1.75
XY-TKH,373,1.7083333333333333
XY-TKH,374,1.25
XY-TKH,375,0.75
XY-TKH,376,2.0
XY-TKH,377,2.7916666666666665
XY-TLG,366,1.4583333333333333
XY-TLG,367,2.125
XY-TLG,368,1.7916666666666665
XY-TLG,369,1.7916666666666665
XY-TLG,370,2.2083333333333335
XY-TLG,371,1.4583333333333333
XY-TLG,372,2.125
XY-TLG,373,1.9583333333333333
XY-TLG,374,2.375
XY-TLG,375,1.8333333333333333
XY-TLG,376,2.125
XY-TLG,377,2.5
XY-TLY,366,2.7916666666666665
XY-TLY,367,2.5833333333333335
XY-TLY,368,3.1666666666666665
XY-TLY,369,1.1666666666666665
XY-TLY,370,2.25
XY-TLY,371,2.5
XY-TLY,372,1.875
XY-TLY,373,3.7083333333333335
XY-TLY,374,2.958333333333333
XY-TLY,375,2.208333333333333
XY-TLY,376,2.375
XY-TLY,377,2.8333333333333335
XY-TMH,366,2.9583333333333335
XY-TMH,367,2.7916666666666665
XY-TMH,368,2.2083333333333335
XY-TMH,369,1.9166666666666665
XY-TMH,370,2.875
XY-TMH,371,2.25
XY-TMH,372,1.7916666666666665
XY-TMH,373,2.625
XY-TMH,374,2.625
XY-TMH,375,2.0833333333333335
XY-TMH,376,1.6666666666666667
XY-TMH,377,1.7083333333333333
XY-TXF,366,1.5
XY-TXF,367,1.6666666666666667
XY-TXF,368,2.0
XY-TXF,369,2.2916666666666665
XY-TXF,370,2.0
XY-TXF,371,1.4583333333333333
XY-TXF,372,2.0833333333333335
XY-TXF,373,1.6666666666666665
XY-TXF,374,3.5833333333333335
XY-TXF,375,1.7916666666666665
XY-TXF,376,2.125
XY-TXF,377,2.3333333333333335
XY-UAT,366,2.75
XY-UAT,367,2.0833333333333335
XY-UAT,368,2.4166666666666665
XY-UAT,369,1.875
XY-UAT,370,2.25
XY-UAT,371,1.7916666666666665
XY-UAT,372,3.0833333333333335
XY-UAT,373,1.2916666666666665
XY-UAT,374,1.875
XY-UAT,375,2.25
XY-UAT,376,1.9583333333333333
XY-UAT,377,1.1666666666666665
XY-UCW,366,1.9166666666666665
XY-UCW,367,1.75
XY-UCW,368,2.2916666666666665
XY-UCW,369,1.9583333333333333
XY-UCW,370,2.1666666666666665
XY-UCW,371,1.5
XY-UCW,372,1.9166666666666665
XY-UCW,373,2.4166666666666665
XY-UCW,374,2.625
XY-UCW,375,1.4583333333333333
XY-UCW,376,2.7916666666666665
XY-UCW,377,1.375
XY-UDP,366,2.9583333333333335
XY-UDP,367,1.9166666666666665
XY-UDP,368,1.6666666666666667
XY-UDP,369,1.7083333333333333
XY-UDP,370,2.375
XY-UDP,371,1.8333333333333333
XY-UDP,372,1.9166666666666665
XY-UDP,373,1.7916666666666667
XY-UDP,374,1.875
XY-UDP,375,2.4166666666666665
XY-UDP,376,1.7083333333333333
XY-UDP,377,2.0416666666666665
XY-UFT,366,2.25
XY-UFT,367,3.208333333333333
XY-UFT,368,1.5833333333333333
XY-UFT,369,2.125
XY-UFT,370,2.5
XY-UFT,371,1.5
XY-UFT,372,2.958333333333333
XY-UFT,373,1.6666666666666667
XY-UFT,374,2.7916666666666665
XY-UFT,375,2.5416666666666665
XY-UFT,376,1.3333333333333333
XY-UFT,377,2.2083333333333335
XY-UFX,366,3.5416666666666665
XY-UFX,367,3.25
XY-UFX,368,1.7083333333333333
XY-UFX,369,2.4166666666666665
XY-UFX,370,2.9583333333333335
XY-UFX,371,1.8333333333333333
XY-UFX,372,1.625
XY-UFX,373,1.75
XY-UFX,374,2.3333333333333335
XY-UFX,375,2.75
XY-UFX,376,1.125
XY-UFX,377,2.9166666666666665
XY-UGI,366,2.0
XY-UGI,367,2.25
XY-UGI,368,2.583333333333333
XY-UGI,369,1.7916666666666665
XY-UGI,370,2.208333333333333
XY-UGI,371,2.0416666666666665
XY-UGI,372,2.0416666666666665
XY-UGI,373,2.125
XY-UGI,374,2.4166666666666665
XY-UGI,375,2.5833333333333335
XY-UGI,376,2.375
XY-UGI,377,2.0833333333333335
XY-UIU,366,3.333333333333333
XY-UIU,367,2.0
XY-UIU,368,2.5416666666666665
XY-UIU,369,1.625
XY-UIU,370,2.75
XY-UIU,371,1.2916666666666665
XY-UIU,372,2.0833333333333335
XY-UIU,373,2.6666666666666665
XY-UIU,374,3.0
XY-UIU,375,2.875
XY-UIU,376,1.5833333333333333
XY-UIU,377,2.2916666666666665
XY-ULG,366,1.9166666666666665
XY-ULG,367,1.7083333333333333
XY-ULG,368,2.125
XY-ULG,369,1.6666666666666665
XY-ULG,370,2.9166666666666665
XY-ULG,371,1.9166666666666667
XY-ULG,372,3.3333333333333335
XY-ULG,373,2.2083333333333335
XY-ULG,374,1.8333333333333333
XY-ULG,375,2.7916666666666665
XY-ULG,376,2.25
XY-ULG,377,2.3333333333333335
XY-UQX,366,1.8333333333333333
XY-UQX,367,2.3333333333333335
XY-UQX,368,1.9583333333333333
XY-UQX,369,1.7916666666666665
XY-UQX,370,2.4166666666666665
XY-UQX,371,2.8333333333333335
XY-UQX,372,1.5416666666666665
XY-UQX,373,1.625
XY-UQX,374,2.958333333333333
XY-UQX,375,1.7083333333333333
XY-UQX,376,2.958333333333333
XY-UQX,377,2.375
XY-UQY,366,2.4583333333333335
XY-UQY,367,2.375
XY-UQY,368,1.7083333333333333
XY-UQY,369,2.625
XY-UQY,370,2.625
XY-UQY,371,1.7916666666666665
XY-UQY,372,2.5416666666666665
XY-UQY,373,1.5416666666666667
XY-UQY,374,2.25
XY-UQY,375,1.9166666666666665
XY-UQY,376,2.375
XY-UQY,377,2.625
XY-USA,366,1.875
XY-USA,367,1.5833333333333333
XY-USA,368,1.625
XY-USA,369,0.9583333333333333
XY-USA,370,2.7083333333333335
XY-USA,371,1.4583333333333333
XY-USA,372,2.0416666666666665
XY-USA,373,2.0416666666666665
XY-USA,374,2.25
XY-USA,375,2.75
XY-USA,376,1.625
XY-USA,377,1.75
XY-USH,366,2.2083333333333335
XY-USH,367,1.625
XY-USH,368,2.0416666666666665
XY-USH,369,1.5833333333333333
XY-USH,370,3.0
XY-USH,371,2.458333333333333
XY-USH,372,2.375
XY-USH,373,2.0416666666666665
XY-USH,374,2.25
XY-USH,375,1.75
XY-USH,376,2.5833333333333335
XY-USH,377,2.7916666666666665
XY-UVG,366,2.125
XY-UVG,367,2.1666666666666665
XY-UVG,368,2.1666666666666665
XY-UVG,369,2.7916666666666665
XY-UVG,370,2.125
XY-UVG,371,1.4583333333333333
XY-UVG,372,1.625
XY-UVG,373,2.6666666666666665
XY-UVG,374,2.458333333333333
XY-UVG,375,2.583333333333333
XY-UVG,376,1.5416666666666665
XY-UVG,377,1.9166666666666665
XY-UWV,366,1.9166666666666665
XY-UWV,367,2.708333333333333
XY-UWV,368,1.7083333333333333
XY-UWV,369,2.1666666666666665
XY-UWV,370,1.875
XY-UWV,371,2.8333333333333335
XY-UWV,372,2.0833333333333335
XY-UWV,373,3.1666666666666665
XY-UWV,374,2.7916666666666665
XY-UWV,375,2.5416666666666665
XY-UWV,376,2.2916666666666665
XY-UWV,377,2.125
XY-VBO,366,2.6666666666666665
XY-VBO,367,2.375
XY-VBO,368,1.3333333333333333
XY-VBO,369,2.375
XY-VBO,370,2.833333333333333
XY-VBO,371,1.75
XY-VBO,372,1.6666666666666665
XY-VBO,373,2.6666666666666665
XY-VBO,374,1.5416666666666665
XY-VBO,375,2.25
XY-VBO,376,2.2083333333333335
XY-VBO,377,2.25
XY-VHF,366,2.625
XY-VHF,367,1.9166666666666667
XY-VHF,368,1.7083333333333333
XY-VHF,369,2.4166666666666665
XY-VHF,370,1.4166666666666665
XY-VHF,371,2.8333333333333335
XY-VHF,372,2.583333333333333
XY-VHF,373,2.2916666666666665
XY-VHF,374,1.9583333333333333
XY-VHF,375,2.6666666666666665
XY-VHF,376,2.375
XY-VHF,377,1.75
XY-VIY,366,2.5
XY-VIY,367,2.0
XY-VIY,368,2.4583333333333335
XY-VIY,369,2.5416666666666665
XY-VIY,370,2.3333333333333335
XY-VIY,371,2.2083333333333335
XY-VIY,372,2.375
XY-VIY,373,1.5833333333333333
XY-VIY,374,2.083333333333333
XY-VIY,375,2.208333333333333
XY-VIY,376,2.125
XY-VIY,377,2.625
XY-VOM,366,2.5
XY-VOM,367,2.75
XY-VOM,368,1.9583333333333333
XY-VOM,369,2.2083333333333335
XY-VOM,370,2.083333333333333
XY-VOM,371,2.083333333333333
XY-VOM,372,1.1666666666666665
XY-VOM,373,1.625
XY-VOM,374,2.0416666666666665
XY-VOM,375,2.0
XY-VOM,376,1.4583333333333333
XY-VOM,377,2.9583333333333335
XY-VOZ,366,1.875
XY-VOZ,367,1.875
XY-VOZ,368,1.0416666666666665
XY-VOZ,369,1.9583333333333333
XY-VOZ,370,0.6666666666666666
XY-VOZ,371,2.5
XY-VOZ,372,1.875
XY-VOZ,373,2.5416666666666665
XY-VOZ,374,1.9166666666666665
XY-VOZ,375,1.9166666666666665
XY-VOZ,376,2.4583333333333335
XY-VOZ,377,2.625
XY-VTN,366,1.7083333333333333
XY-VTN,367,2.083333333333333
XY-VTN,368,2.6666666666666665
XY-VTN,369,1.4583333333333333
XY-VTN,370,3.5
XY-VTN,371,2.5416666666666665
XY-VTN,372,3.1666666666666665
XY-VTN,373,2.75
XY-VTN,374,2.5833333333333335
XY-VTN,375,2.7916666666666665
XY-VTN,376,2.6666666666666665
XY-VTN,377,1.7916666666666665
XY-VUB,366,2.6666666666666665
XY-VUB,367,2.0416666666666665
XY-VUB,368,2.75
XY-VUB,369,1.8333333333333333
XY-VUB,370,1.8333333333333333
XY-VUB,371,2.625
XY-VUB,372,1.5833333333333333
XY-VUB,373,3.125
XY-VUB,374,2.4166666666666665
XY-VUB,375,2.0416666666666665
XY-VUB,376,2.6666666666666665
XY-VUB,377,2.3333333333333335
XY-VWG,366,2.0
XY-VWG,367,1.5833333333333333
XY-VWG,368,2.4583333333333335
XY-VWG,369,2.583333333333333
XY-VWG,370,1.5
XY-VWG,371,1.6666666666666665
XY-VWG,372,2.625
XY-VWG,373,2.0416666666666665
XY-VWG,374,2.4166666666666665
XY-VWG,375,1.5416666666666667
XY-VWG,376,2.4166666666666665
XY-VWG,377,2.75
XY-WAP,366,1.7083333333333333
XY-WAP,367,1.3333333333333333
XY-WAP,368,2.0833333333333335
XY-WAP,369,1.7083333333333333
XY-WAP,370,2.0416666666666665
XY-WAP,371,2.8333333333333335
XY-WAP,372,3.0
XY-WAP,373,2.625
XY-WAP,374,1.375
XY-WAP,375,2.3333333333333335
XY-WAP,376,0.75
XY-WAP,377,2.5
XY-WDI,366,2.7916666666666665
XY-WDI,367,1.7916666666666667
XY-WDI,368,1.7916666666666665
XY-WDI,369,2.375
XY-WDI,370,2.333333333333333
XY-WDI,371,2.125
XY-WDI,372,1.2916666666666665
XY-WDI,373,1.8333333333333333
XY-WDI,374,2.9166666666666665
XY-WDI,375,2.375
XY-WDI,376,1.875
XY-WDI,377,2.25
XY-WEO,366,2.75
XY-WEO,367,2.0416666666666665
XY-WEO,368,1.75
XY-WEO,369,2.3333333333333335
XY-WEO,370,3.25
XY-WEO,371,2.125
XY-WEO,372,2.833333333333333
XY-WEO,373,1.8333333333333333
XY-WEO,374,1.875
XY-WEO,375,1.875
XY-WEO,376,1.4583333333333333
XY-WEO,377,2.25
XY-WHG,366,1.2083333333333333
XY-WHG,367,0.9583333333333333
XY-WHG,368,2.6666666666666665
XY-WHG,369,1.5833333333333333
XY-WHG,370,2.375
XY-WHG,371,2.1666666666666665
XY-WHG,372,1.5
XY-WHG,373,1.1666666666666665
XY-WHG,374,1.7916666666666665
XY-WHG,375,2.5833333333333335
XY-WHG,376,2.5
XY-WHG,377,1.6666666666666667
XY-WHU,366,2.3333333333333335
XY-WHU,367,2.7083333333333335
XY-WHU,368,2.3333333333333335
XY-WHU,369,2.375
XY-WHU,370,2.125
XY-WHU,371,2.6666666666666665
XY-WHU,372,1.75
XY-WHU,373,2.0833333333333335
XY-WHU,374,1.9583333333333333
XY-WHU,375,1.625
XY-WHU,376,1.125
XY-WHU,377,2.875
XY-WIN,366,2.333333333333333
XY-WIN,367,2.4166666666666665
XY-WIN,368,2.2083333333333335
XY-WIN,369,2.3333333333333335
XY-WIN,370,2.6666666666666665
XY-WIN,371,2.0416666666666665
XY-WIN,372,1.9583333333333333
XY-WIN,373,2.4583333333333335
XY-WIN,374,1.9166666666666667
XY-WIN,375,1.5833333333333333
XY-WIN,376,1.625
XY-WIN,377,2.1666666666666665
XY-WKE,366,1.6666666666666667
XY-WKE,367,2.2083333333333335
XY-WKE,368,1.1666666666666665
XY-WKE,369,1.9166666666666665
XY-WKE,370,2.125
XY-WKE,371,2.5
XY-WKE,372,2.4166666666666665
XY-WKE,373,3.0
XY-WKE,374,1.625
XY-WKE,375,2.0416666666666665
XY-WKE,376,2.0416666666666665
XY-WKE,377,2.875
XY-WNW,366,2.5833333333333335
XY-WNW,367,1.75
XY-WNW,368,2.2083333333333335
XY-WNW,369,2.0
XY-WNW,370,2.25
XY-WNW,371,2.5
XY-WNW,372,1.625
XY-WNW,373,2.7916666666666665
XY-WNW,374,2.0416666666666665
XY-WNW,375,1.6666666666666665
XY-WNW,376,1.5
XY-WNW,377,1.6666666666666667
XY-WUZ,366,1.9166666666666665
XY-WUZ,367,2.8333333333333335
XY-WUZ,368,2.3333333333333335
XY-WUZ,369,2.5
XY-WUZ,370,1.9583333333333333
XY-WUZ,371,1.7916666666666665
XY-WUZ,372,2.083333333333333
XY-WUZ,373,2.0416666666666665
XY-WUZ,374,1.9166666666666665
XY-WUZ,375,2.2916666666666665
XY-WUZ,376,1.75
XY-WUZ,377,2.6666666666666665
XY-XEQ,366,2.5416666666666665
XY-XEQ,367,1.3333333333333333
XY-XEQ,368,2.4166666666666665
XY-XEQ,369,1.4583333333333333
XY-XEQ,370,2.375
XY-XEQ,371,1.5
XY-XEQ,372,1.9583333333333333
XY-XEQ,373,2.1666666666666665
XY-XEQ,374,1.6666666666666667
XY-XEQ,375,3.6666666666666665
XY-XEQ,376,1.4166666666666665
XY-XEQ,377,2.375
XY-XEU,366,2.208333333333333
XY-XEU,367,1.6666666666666667
XY-XEU,368,1.875
XY-XEU,369,1.9166666666666667
XY-XEU,370,1.9583333333333333
XY-XEU,371,2.7083333333333335
XY-XEU,372,1.5
XY-XEU,373,2.7083333333333335
XY-XEU,374,1.875
XY-XEU,375,1.875
XY-XEU,376,2.0416666666666665
XY-XEU,377,2.375
XY-XIT,366,2.0833333333333335
XY-XIT,367,1.6666666666666665
XY-XIT,368,2.4166666666666665
XY-XIT,369,2.2083333333333335
XY-XIT,370,2.4166666666666665
XY-XIT,371,2.125
XY-XIT,372,2.25
XY-XIT,373,2.5
XY-XIT,374,2.0416666666666665
XY-XIT,375,2.7083333333333335
XY-XIT,376,2.2083333333333335
XY-XIT,377,1.6666666666666667
XY-XJP,366,3.0833333333333335
XY-XJP,367,1.875
XY-XJP,368,2.25
XY-XJP,369,2.208333333333333
XY-XJP,370,1.25
XY-XJP,371,2.583333333333333
XY-XJP,372,2.625
XY-XJP,373,2.625
XY-XJP,374,1.9583333333333333
XY-XJP,375,2.5833333333333335
XY-XJP,376,1.7083333333333333
XY-XJP,377,2.625
XY-XKW,366,2.8333333333333335
XY-XKW,367,1.75
XY-XKW,368,3.333333333333333
XY-XKW,369,2.7083333333333335
XY-XKW,370,1.1666666666666665
XY-XKW,371,1.875
XY-XKW,372,2.4166666666666665
XY-XKW,373,2.125
XY-XKW,374,1.9583333333333333
XY-XKW,375,2.458333333333333
XY-XKW,376,2.0
XY-XKW,377,1.2916666666666665
XY-XRP,366,2.9583333333333335
XY-XRP,367,1.7916666666666665
XY-XRP,368,1.625
XY-XRP,369,2.3333333333333335
XY-XRP,370,2.875
XY-XRP,371,1.6666666666666665
XY-XRP,372,1.9583333333333333
XY-XRP,373,3.2916666666666665
XY-XRP,374,2.7916666666666665
XY-XRP,375,2.333333333333333
XY-XRP,376,2.5833333333333335
XY-XRP,377,2.0416666666666665
XY-XUI,366,1.6666666666666665
XY-XUI,367,1.375
XY-XUI,368,2.7083333333333335
XY-XUI,369,1.125
XY-XUI,370,2.1666666666666665
XY-XUI,371,2.5833333333333335
XY-XUI,372,2.2916666666666665
XY-XUI,373,1.625
XY-XUI,374,2.2083333333333335
XY-XUI,375,2.5416666666666665
XY-XUI,376,2.5
XY-XUI,377,1.5416666666666667
XY-XUX,366,1.875
XY-XUX,367,1.875
XY-XUX,368,2.625
XY-XUX,369,1.4583333333333333
XY-XUX,370,2.083333333333333
XY-XUX,371,2.1666666666666665
XY-XUX,372,3.625
XY-XUX,373,1.75
XY-XUX,374,1.9166666666666665
XY-XUX,375,2.25
XY-XUX,376,1.6666666666666665
XY-XUX,377,2.2083333333333335
XY-YAH,366,2.0
XY-YAH,367,2.083333333333333
XY-YAH,368,3.0833333333333335
XY-YAH,369,1.7916666666666667
XY-YAH,370,2.0416666666666665
XY-YAH,371,1.625
XY-YAH,372,1.5833333333333333
XY-YAH,373,2.1666666666666665
XY-YAH,374,1.375
XY-YAH,375,2.5
XY-YAH,376,2.0833333333333335
XY-YAH,377,1.375
XY-YHB,366,3.0
XY-YHB,367,2.125
XY-YHB,368,1.7916666666666665
XY-YHB,369,1.5
XY-YHB,370,1.2916666666666667
XY-YHB,371,2.2083333333333335
XY-YHB,372,1.9583333333333333
XY-YHB,373,3.083333333333333
XY-YHB,374,1.9583333333333333
XY-YHB,375,2.25
XY-YHB,376,2.5
XY-YHB,377,1.7083333333333333
XY-YHD,366,2.208333333333333
XY-YHD,367,2.375
XY-YHD,368,3.083333333333333
XY-YHD,369,1.4583333333333333
XY-YHD,370,1.5
XY-YHD,371,1.4583333333333333
XY-YHD,372,1.7916666666666665
XY-YHD,373,2.25
XY-YHD,374,2.208333333333333
XY-YHD,375,1.875
XY-YHD,376,2.7916666666666665
XY-YHD,377,2.5
XY-YHU,366,1.7916666666666665
XY-YHU,367,1.4583333333333333
XY-YHU,368,2.5416666666666665
XY-YHU,369,1.7083333333333333
XY-YHU,370,1.9166666666666667
XY-YHU,371,2.125
XY-YHU,372,2.0
XY-YHU,373,2.5
XY-YHU,374,2.75
XY-YHU,375,2.208333333333333
XY-YHU,376,1.8333333333333333
XY-YHU,377,1.5833333333333333
XY-YII,366,2.2916666666666665
XY-YII,367,1.3333333333333333
XY-YII,368,2.333333333333333
XY-YII,369,1.9166666666666665
XY-YII,370,1.9583333333333333
XY-YII,371,1.5416666666666667
XY-YII,372,1.8333333333333333
XY-YII,373,2.583333333333333
XY-YII,374,1.375
XY-YII,375,1.6666666666666665
XY-YII,376,3.0
XY-YII,377,1.875
XY-YJE,366,1.5416666666666667
XY-YJE,367,1.9166666666666667
XY-YJE,368,2.125
XY-YJE,369,1.8333333333333333
XY-YJE,370,2.2083333333333335
XY-YJE,371,2.1666666666666665
XY-YJE,372,2.5416666666666665
XY-YJE,373,1.5416666666666665
XY-YJE,374,3.125
XY-YJE,375,1.2916666666666665
XY-YJE,376,2.1666666666666665
XY-YJE,377,1.75
XY-YJN,366,2.5
XY-YJN,367,2.833333333333333
XY-YJN,368,1.5
XY-YJN,369,2.8333333333333335
XY-YJN,370,2.2916666666666665
XY-YJN,371,1.3333333333333333
XY-YJN,372,1.625
XY-YJN,373,2.0416666666666665
XY-YJN,374,2.0416666666666665
XY-YJN,375,2.7916666666666665
XY-YJN,376,1.875
XY-YJN,377,1.25
XY-YNP,366,2.1666666666666665
XY-YNP,367,2.875
XY-YNP,368,2.125
XY-YNP,369,2.125
XY-YNP,370,1.8333333333333333
XY-YNP,371,2.625
XY-YNP,372,2.5416666666666665
XY-YNP,373,1.25
XY-YNP,374,2.333333333333333
XY-YNP,375,1.7916666666666665
XY-YNP,376,2.625
XY-YNP,377,2.458333333333333
XY-YRU,366,2.0
XY-YRU,367,1.5833333333333333
XY-YRU,368,1.2083333333333333
XY-YRU,369,2.375
XY-YRU,370,3.0416666666666665
XY-YRU,371,2.2083333333333335
XY-YRU,372,1.75
XY-YRU,373,3.333333333333333
XY-YRU,374,2.75
XY-YRU,375,2.0416666666666665
XY-YRU,376,1.5
XY-YRU,377,2.5
XY-YZP,366,1.6666666666666667
XY-YZP,367,1.75
XY-YZP,368,1.875
XY-YZP,369,2.0
XY-YZP,370,3.0833333333333335
XY-YZP,371,2.375
XY-YZP,372,1.1666666666666665
XY-YZP,373,2.708333333333333
XY-YZP,374,2.25
XY-YZP,375,1.8333333333333333
XY-YZP,376,2.5416666666666665
XY-YZP,377,2.125
XY-ZAJ,366,2.2083333333333335
XY-ZAJ,367,1.8333333333333333
XY-ZAJ,368,1.5
XY-ZAJ,369,2.4166666666666665
XY-ZAJ,370,2.0833333333333335
XY-ZAJ,371,2.4166666666666665
XY-ZAJ,372,1.8333333333333333
XY-ZAJ,373,2.625
XY-ZAJ,374,3.2916666666666665
XY-ZAJ,375,2.5833333333333335
XY-ZAJ,376,3.0416666666666665
XY-ZAJ,377,1.7916666666666667
XY-ZAZ,366,2.2916666666666665
XY-ZAZ,367,2.7083333333333335
XY-ZAZ,368,2.5416666666666665
XY-ZAZ,369,2.125
XY-ZAZ,370,3.2916666666666665
XY-ZAZ,371,1.625
XY-ZAZ,372,1.5833333333333333
XY-ZAZ,373,1.75
XY-ZAZ,374,2.5
XY-ZAZ,375,2.875
XY-ZAZ,376,1.4166666666666667
XY-ZAZ,377,3.3333333333333335
XY-ZCG,366,2.333333333333333
XY-ZCG,367,2.5
XY-ZCG,368,2.25
XY-ZCG,369,1.5
XY-ZCG,370,1.7916666666666665
XY-ZCG,371,2.375
XY-ZCG,372,1.25
XY-ZCG,373,1.25
XY-ZCG,374,2.5416666666666665
XY-ZCG,375,2.583333333333333
XY-ZCG,376,2.9583333333333335
XY-ZCG,377,1.875
XY-ZCK,366,2.3333333333333335
XY-ZCK,367,1.4583333333333333
XY-ZCK,368,2.7916666666666665
XY-ZCK,369,1.3333333333333333
XY-ZCK,370,1.8333333333333333
XY-ZCK,371,2.9583333333333335
XY-ZCK,372,1.7916666666666665
XY-ZCK,373,1.5
XY-ZCK,374,2.7083333333333335
XY-ZCK,375,1.875
XY-ZCK,376,1.5
XY-ZCK,377,2.9583333333333335
XY-ZDP,366,1.7916666666666667
XY-ZDP,367,1.4166666666666667
XY-ZDP,368,1.375
XY-ZDP,369,1.6666666666666665
XY-ZDP,370,2.0416666666666665
XY-ZDP,371,2.75
XY-ZDP,372,2.25
XY-ZDP,373,1.7083333333333333
XY-ZDP,374,1.6666666666666665
XY-ZDP,375,2.375
XY-ZDP,376,2.75
XY-ZDP,377,2.8333333333333335
XY-ZEB,366,1.2916666666666665
XY-ZEB,367,1.6666666666666665
XY-ZEB,368,2.0
XY-ZEB,369,1.8333333333333333
XY-ZEB,370,2.4583333333333335
XY-ZEB,371,1.9166666666666667
XY-ZEB,372,1.625
XY-ZEB,373,2.5833333333333335
XY-ZEB,374,1.7083333333333333
XY-ZEB,375,2.5
XY-ZEB,376,1.9583333333333333
XY-ZEB,377,2.333333333333333
XY-ZFA,366,2.2916666666666665
XY-ZFA,367,2.2083333333333335
XY-ZFA,368,2.125
XY-ZFA,369,2.8333333333333335
XY-ZFA,370,4.0
XY-ZFA,371,1.2916666666666667
XY-ZFA,372,2.9166666666666665
XY-ZFA,373,2.4583333333333335
XY-ZFA,374,1.2916666666666665
XY-ZFA,375,2.0833333333333335
XY-ZFA,376,2.75
XY-ZFA,377,2.1666666666666665
XY-ZKT,366,2.458333333333333
XY-ZKT,367,1.7083333333333333
XY-ZKT,368,2.083333333333333
XY-ZKT,369,1.2083333333333333
XY-ZKT,370,1.75
XY-ZKT,371,2.2083333333333335
XY-ZKT,372,2.0833333333333335
XY-ZKT,373,2.458333333333333
XY-ZKT,374,1.4583333333333333
XY-ZKT,375,2.875
XY-ZKT,376,1.1666666666666667
XY-ZKT,377,2.5
XY-ZPA,366,2.9166666666666665
XY-ZPA,367,2.5416666666666665
XY-ZPA,368,1.2083333333333333
XY-ZPA,369,2.75
XY-ZPA,370,1.8333333333333333
XY-ZPA,371,2.375
XY-ZPA,372,2.583333333333333
XY-ZPA,373,2.125
XY-ZPA,374,1.5416666666666665
XY-ZPA,375,3.9166666666666665
XY-ZPA,376,1.5833333333333333
XY-ZPA,377,2.3333333333333335
XY-ZUS,366,3.083333333333333
XY-ZUS,367,1.7916666666666665
XY-ZUS,368,1.6666666666666665
XY-ZUS,369,1.7083333333333333
XY-ZUS,370,1.2916666666666665
XY-ZUS,371,2.083333333333333
XY-ZUS,372,2.0
XY-ZUS,373,2.8333333333333335
XY-ZUS,374,1.4583333333333333
XY-ZUS,375,2.7916666666666665
XY-ZUS,376,2.0416666666666665
XY-ZUS,377,3.375
XY-ZWY,366,2.625
XY-ZWY,367,2.9166666666666665
XY-ZWY,368,1.9166666666666665
XY-ZWY,369,2.2916666666666665
XY-ZWY,370,2.5
XY-ZWY,371,2.2916666666666665
XY-ZWY,372,2.0
XY-ZWY,373,2.25
XY-ZWY,374,1.9583333333333333
XY-ZWY,375,3.0833333333333335
XY-ZWY,376,2.25
XY-ZWY,377,3.0833333333333335
XY-ZZE,366,1.2916666666666667
XY-ZZE,367,1.875
XY-ZZE,368,2.0416666666666665
XY-ZZE,369,2.625
XY-ZZE,370,1.6666666666666665
XY-ZZE,371,1.625
XY-ZZE,372,2.7916666666666665
XY-ZZE,373,2.625
XY-ZZE,374,2.583333333333333
XY-ZZE,375,2.0
XY-ZZE,376,2.7083333333333335
XY-ZZE,377,2.083333333333333
